tweet,date,weekStarting
"@AbsolutNomad Lemons! The Absolut Honey Bubble works just as well with Absolut Honey, as it does with pure Absolut:",2015-06-26,2015-06-21
@xochilt_escobar ?_?,2015-06-26,2015-06-21
"@BuzzFeed Thanks Buzzfeed! ?_? Lots more to achieve and we'll never stop, but for now... ?? #LoveWins #LoveIsLove",2015-06-27,2015-06-21
What an amazing day of celebration at #PrideInLondon!   #LoveWins #LoveIsLove (Pic: miss_jess on Instagram),2015-06-27,2015-06-21
"A celebration in color today at #PrideBarcelona - thanks for the pic, @nicanorgarcia_! #LoveWins #LoveIsLove",2015-06-28,2015-06-28
The sky’s no longer the limit.,2015-06-28,2015-06-28
Roxanne is a @Kickstarter project we helped to fund - click thru to watch:,2015-06-29,2015-06-28
The best nights are the ones you least expect. Watch as fate does its thing @Tomorrowland festival... #AbsolutNights,2015-06-29,2015-06-28
"NYC #PrideParade this weekend ????? - thanks, @takinyerphoto! #LoveIsLove #LoveWins",2015-06-29,2015-06-28
"Thanks for the awesome photos, @NYCinstantly! ?_? NYC spreading the word that #LoveIsLove! #LoveWins",2015-06-29,2015-06-28
We've put together the ultimate Ibiza #playlist for you on #Spotify. Let's go!,2015-07-02,2015-06-28
Too good to be true? Luckily not. Enjoy!,2015-07-03,2015-06-28
"Like a Martini, just spicier. And fruitier:",2015-07-04,2015-06-28
Ever had a night so good that a dragonfly landed on your face? No? #Absolut,2015-07-07,2015-07-05
MTV Africa Music Awards | Khuli Chana is Absolut | #BeAbsolut | Cut-down:,2015-07-07,2015-07-05
"Absolut Ruby Red, honey and grapefruit. Enough to put a smile on anyone’s face:",2015-07-08,2015-07-05
Some people say you should never meet your icons. Drink them instead:,2015-07-09,2015-07-05
You’ll want to hold this #cocktail close:,2015-07-10,2015-07-05
When was the last time you had a night that made you feel like this? #Absolut,2015-07-12,2015-07-12
And the winner of tonight's arm-folding competition is…,2015-07-14,2015-07-12
Want to know what’s going on in the world of #cocktails? Here’s the latest:,2015-07-16,2015-07-12
Mix Absolut Mandrin and Absolut Kurant and enjoy your own personal oasis:  LINK,2015-07-18,2015-07-12
"WARNING: This cocktail is spicy! And very, very tasty:",2015-07-19,2015-07-19
Have you ever made a cocktail so beautiful that you didn’t want to drink it??? No. Us neither.,2015-07-22,2015-07-19
RT @AbsolutArt: #BeaÅkerlund × #ChristianSaldert create prints where fine art meets high fashion. For more &gt;,2015-07-22,2015-07-19
The fastest and fruitiest. Coming to a cocktail glass near you:,2015-07-23,2015-07-19
RT @AbsolutArt: See any limited edition artwork that you like? Go to,2015-07-24,2015-07-19
Sea water = best avoided. Blue Mediterranean = go for it!,2015-07-24,2015-07-19
@j_williamson18 Glad you like it!,2015-07-24,2015-07-19
"There’s a lot to be said for living on the edge. Property prices are much more reasonable, for starters.",2015-07-27,2015-07-26
It’s summer and there’s only one cocktail to celebrate with:,2015-07-29,2015-07-26
Tempted? You won’t be able to keep your hands off this cocktail:,2015-07-31,2015-07-26
"Just for tonight, consider it a very, very rude word.",2015-08-01,2015-07-26
Because none of the best nights start with a timetable.,2015-08-02,2015-08-02
"Happy Birthday, Barry-O. We've prepared something suitably presidential.",2015-08-04,2015-08-02
For when a Martini isn't quite flamboyant enough. The Pink Martini.,2015-08-05,2015-08-02
"If you're not being missed, you're doing it wrong",2015-08-06,2015-08-02
Happy Friday! Tweet us your favorite fruit and we'll tell you what you should be drinking this weekend...,2015-08-07,2015-08-02
RT @AbsolutArt: In deep thought about which one of these beautiful limited editions would fit in your home? &gt;,2015-08-12,2015-08-09
"""A regal cocktail that's easy to throw together: the Grand Royal... Better still, have your butler make it.",2015-08-13,2015-08-09
Because your new favourite is just one sip away. And he really wants to show off.,2015-08-17,2015-08-16
"We spoke to Jonny Woo, founder of @TheGloryLondon &amp; performer in his own right. Make up, art and Lou Reed. Perfect:",2015-08-18,2015-08-16
Because it helps to pass the time (and they might buy you a drink once you're inside),2015-08-19,2015-08-16
One sip of this and you'll be whisked off to the land of eternal summer. Don't believe us? Try it...,2015-08-20,2015-08-16
"""A fruity little number to help keep you cool - enjoy the Summertime",2015-08-23,2015-08-23
Keep it short. Keep it sweet.,2015-08-25,2015-08-23
"""Paradise in a highball glass. Snake not included. The Eden.",2015-08-27,2015-08-23
Because being there when the lights come on = winning,2015-08-28,2015-08-23
Remember when Thursday was the new Friday? We're reliably informed it's all about Tuesday nowadays… #AbsolutNights,2015-09-01,2015-08-30
"A Brazilian drink, with a Russian name and Swedish vodka. Confused? Yes. Delicious? Definitely.",2015-09-02,2015-08-30
What are YOU doing tonight? Will there be fireworks and a big shiny cube? Maybe you need this:,2015-09-03,2015-08-30
From one Golden Queen to another – we're toasting a happy birthday to @Beyonce!:,2015-09-04,2015-08-30
Like a fire hose blasting citrus into your face. But in a good way.,2015-09-06,2015-09-06
Here's to Brazil – the spiritual home of the cocktail. We raise our Caipiroska in your honor!,2015-09-07,2015-09-06
Join us in the mission to transform your night out with #AbsolutNights:,2015-09-08,2015-09-06
Ever had a night so good that your dress shot lazer beams? No? You need more #AbsolutNights,2015-09-09,2015-09-06
"It's a Martini, but French. Hence: French Martini. C'est chic, non?",2015-09-10,2015-09-06
"Let's get the weekend started right. Grab a friend, grab a Mandrin Sour and get out there!",2015-09-12,2015-09-06
Don't just go to the party. BE the party. That's what #AbsolutNights are about. Find out here:,2015-09-14,2015-09-13
@perea_omar How about something a little fiery? The Spicy Fifty could work:,2015-09-15,2015-09-13
You don't get a night like this sitting in your kitchen. Join us for some #AbsolutNights:,2015-09-15,2015-09-13
"@stevenisFADING Yes, it's a sign. Go out! You know you want to...",2015-09-17,2015-09-13
"If the sun is shining, this is the drink for you. If it's not – have one anyway! Cheers.",2015-09-19,2015-09-13
A Raspberry Rush is pretty much a smoothie for grown-ups. Doesn't mean you have to act grown-up though…,2015-09-20,2015-09-20
What track is guaranteed to get you out on the dancefloor?,2015-09-21,2015-09-20
Want all your nights to be like this? We can make that happen:,2015-09-24,2015-09-20
Utterly delicious. Buy a round for your friends (except the one who pronounces it 'expresso').,2015-09-25,2015-09-20
This is one of those 'take a break from dancing and sip it in the lounge' kind of cocktails. Sound good?,2015-09-26,2015-09-20
"Show us your ""Let's party!"" face. This gal's got the right idea. #AbsolutNights",2015-09-30,2015-09-27
Ever smoked a pineapple? Don't – it's bad for you. Just make one of these instead.,2015-10-01,2015-09-27
"When artists collaborate, beautiful things happen – just ask our friends at @AbsolutArt:",2015-10-02,2015-09-27
Because Electrik nights are never dull…,2015-10-02,2015-09-27
Vodka? Great. Honey? Super. Chocolate? Perfect. Absolut Honey Choc? Now you're talking.,2015-10-03,2015-09-27
It's the most important day of the year. #NationalVodkaDay! Any ideas how to celebrate it? We've got a few…,2015-10-04,2015-10-04
"Despite the name, there's nothing fishy about the Cape Cod.",2015-10-05,2015-10-04
A speedy little cocktail with some unexpected bite. Get acquainted with the Greyhound.,2015-10-07,2015-10-04
Absolut Drinkspiration - your virtual bartender with 500+ cocktail recipes:,2015-10-08,2015-10-04
"If you're having brunch and there's no espresso martini, you're doing it wrong.",2015-10-09,2015-10-04
A great little mix with a bit of a kick. Saddle up with the New York Mule,2015-10-11,2015-10-11
Beautiful memories. What a year! #LoveWins (Photo: Robin Floberg),2015-10-12,2015-10-11
Our name in lights? Great! Our vodka in your glass? Even better.,2015-10-13,2015-10-11
Can you guess the ingredients in an Abolut Tonik? No need to overthink it…,2015-10-14,2015-10-11
"Amazing art isn't always affordable. Luckily, the guys @AbsolutArt think it should be:",2015-10-15,2015-10-11
For a night you'll never forget...,2015-10-16,2015-10-11
Ignore the name – this one's for savoring. Enjoy the Raspberry Rush,2015-10-18,2015-10-18
Our friends @AbsolutArt are on a mission – to bring you amazing art pieces at affordable prices.,2015-10-20,2015-10-18
"Lemon, syrup, egg white and mango. Place in shaker. Go nuts. TA-DA! You've just made a Mango Sour.",2015-10-21,2015-10-18
"What's better than a non-stop, never-tiring, shiny robot garage band? Not much. #AbsolutNights",2015-10-23,2015-10-18
"On Instagram? Follow us @AbsolutVodka for cocktails, parties and a few shots of nostalgia",2015-10-26,2015-10-25
Look into our eyes… You want a Bloody Mary right now. (Did that work?),2015-10-29,2015-10-25
Boo! Happy #Halloween…,2015-10-31,2015-10-25
"Tireless, precise and knows his flavors – meet EB7: our robot bartender.",2015-11-03,2015-11-01
"Try new cocktails at your next party, including Pineapple Pop!",2015-11-04,2015-11-01
Our robot bartender will make a cocktail with a kick to get the tongues wagging. See here:,2015-11-05,2015-11-01
"Our cocktail-making robot, EB-7 really wants to make you a personalized cocktail:",2015-11-05,2015-11-01
Party this weekend? Let our robot bartender show you how to make the perfect Pineapple Pop!,2015-11-06,2015-11-01
Ever had a robot make a cocktail for you? Meet EB7 – our very own electronic bartender:,2015-11-08,2015-11-08
"When artists collaborate, beautiful things happen – just ask our friends at @AbsolutArt:",2015-11-09,2015-11-08
Robot bartender + cocktails = never-ending party. Here's your invite:,2015-11-10,2015-11-08
"It's called the Greyhound. Quick to make and it's got a bit of a bite. Don't go chasing any rabbits, though.",2015-11-11,2015-11-08
A tasty little number to add to your party repertoire - the Blue Mule:,2015-11-12,2015-11-08
"Sweet, spicy and easy to throw together. There's really nothing stopping you. Enjoy!",2015-11-13,2015-11-08
Robots are awesome. Cocktail-making robots are better. Let ours mix you something amazing:,2015-11-16,2015-11-15
Cider made awesome. Things just got interesting. ???,2015-11-17,2015-11-15
Ever had a robot make you a cocktail? No? Well we've got a little surprise for you!,2015-11-19,2015-11-15
Cocktail + cream on top = Yes. Just yes. Enjoy yourself a White Russian.,2015-11-22,2015-11-22
Too many friends and not enough glasses? The party must go on... #AbsolutNights,2015-11-23,2015-11-22
Ignore the name – this one's for savoring. Enjoy the Raspberry Rush,2015-11-25,2015-11-22
"Never mix robots and vodka, said no one, ever. Meet EB7 - our new robotic bartender:",2015-11-26,2015-11-22
A #Thanksgiving cocktail made with pumpkin. Next year: turkey. Possibly.,2015-11-27,2015-11-22
A #Thanksgiving cocktail made with pumpkin. Next year: turkey. Possibly.,2015-11-27,2015-11-22
"For once, a sequel that doesn't disappoint - enjoy House Party Punch No.2. Recipe on our site.",2015-11-28,2015-11-22
It's not too early to start thinking about holiday gifts... Any ideas?,2015-12-01,2015-11-29
Convert the garage into a bar? We can always dream... That's #AbsolutNights,2015-12-02,2015-11-29
Party time for your tastebuds - enjoy the very tasty House Party Punch 1:,2015-12-03,2015-11-29
Worst thing about a party? The clean-up afterwards...,2015-12-04,2015-11-29
"Just because you can't dance, doesn't mean you shouldn't dance. You with us?",2015-12-05,2015-11-29
...when the next door neighbors knock on the door and want to join in the fun,2015-12-06,2015-12-06
"Small and simple, but don’t let that fool you - the Electrik Blue is here to play:",2015-12-07,2015-12-06
Ever invent your own dance moves? We call this one the Absolut Shuffle.,2015-12-09,2015-12-06
Is it REALLY better to give than to receive?,2015-12-10,2015-12-06
#ThatMomentWhen you're trying to find your friends on the dancefloor...,2015-12-11,2015-12-06
A bitter little cocktail for those who heart coffee - sit back and relax with a Coffee Tonik:,2015-12-13,2015-12-13
"You know, you can just give yourself holiday gifts...",2015-12-15,2015-12-13
"It's not too late to pick up that perfect last-minute gift, you know...",2015-12-20,2015-12-20
Heading out? Light the way with Neon Nights:,2015-12-21,2015-12-20
Did you get what you wanted from Santa this morning?,2015-12-25,2015-12-20
Happy new years! Remember to stay safe tonight.,2015-12-31,2015-12-27
Resolution no. 11: Trying to get fit for the new year?,2016-01-05,2016-01-03
This is the reason it’s best to get a Cosmo from the professionals.,2016-01-07,2016-01-03
ABSOLUT NIGHTS @CLUB:,2016-01-07,2016-01-03
Resolution no. 14: Looking to try something new?,2016-01-09,2016-01-03
You know you've had an #AbsolutNight when...,2016-01-22,2016-01-17
You know you've had an #AbsolutNight when...,2016-01-28,2016-01-24
You know you've had an #AbsolutNights when...,2016-01-29,2016-01-24
Shots: getting the night started since whenever they invented the shot glass.,2016-02-04,2016-01-31
You know you've had an #AbsolutNight when...,2016-02-05,2016-01-31
"With a drink as tasty as an Espresso Martini, every detail matters.",2016-02-09,2016-02-07
You know you've had an #AbsolutNight when...,2016-02-13,2016-02-07
Teamwork. It’s what makes a good cocktail a great cocktail.,2016-02-18,2016-02-14
The Cosmow mule - it’s the fastest way from ‘hello’ to ‘cheers’.,2016-02-23,2016-02-21
You know you've had an #AbsolutNight when...,2016-02-27,2016-02-21
"Are you a traditionalist, or will you blaze your own trail?",2016-03-04,2016-02-28
Turn up the heat with a Mule. How hot can you go?,2016-03-09,2016-03-06
"Tomato juice, Absolut and lemon. The rest is up to you. That's the beauty of it.",2016-03-12,2016-03-06
"Top up the hot sauce. Just say ""when""...",2016-03-18,2016-03-13
You know those #AbsolutNights when...,2016-03-20,2016-03-20
Simplicity is everything; strip it back with an Absolut Mandrin &amp; ginger ale.,2016-03-26,2016-03-20
Get possessive with a Seabreeze; one made your way.,2016-03-27,2016-03-27
You know those #AbsolutNights when...,2016-03-31,2016-03-27
Raspberri Collins - the drink ?that sounds like a 70s pornstar.,2016-04-01,2016-03-27
Make Your Nights #AbsolutNights:,2016-04-05,2016-04-03
Our updated bottle. Other vodkas wish they looked this good.,2016-04-05,2016-04-03
You know those #AbsolutNights when...,2016-04-07,2016-04-03
Espresso Martini. You can’t dance ?holding a Vanilla Latte.,2016-04-08,2016-04-03
"No really. Our distillery in Sweden turns wheat into parties, one bottle at a time.",2016-04-12,2016-04-10
You know those #AbsolutNights when...,2016-04-14,2016-04-10
Bloody Mary. Worth getting out of bed in the afternoon for.,2016-04-15,2016-04-10
Welcome to the dream factory! ?(If you’re dreaming about vodka),2016-04-16,2016-04-10
Festival wristbands: show people your summer is better than theirs.,2016-04-19,2016-04-17
When the lights go out ?no one can see that weird face you pull while dancing.,2016-04-21,2016-04-17
You know those #AbsolutNights when...,2016-04-22,2016-04-17
You know those #AbsolutNights when...,2016-04-23,2016-04-17
Our updated bottle. You can improve on perfection.,2016-04-26,2016-04-24
Absolut Ruby Red Grapefruit.? One of your 5-a-day. No? Never mind.,2016-04-28,2016-04-24
You know those #AbsolutNights when...,2016-04-29,2016-04-24
You know those #AbsolutNights when...,2016-04-30,2016-04-24
Our production is carbon neutral. Because we’ve only got one planet to party on. #AbsolutNights,2016-05-02,2016-05-01
You know those #AbsolutNights when...,2016-05-05,2016-05-01
Have the bartender mix a real cosmo fit for the occasion - use Absolut Citron. #AbsolutNights,2016-05-07,2016-05-01
Rich. Smooth. Creamy. Flavor your #AbsolutNights,2016-05-08,2016-05-08
You know those #AbsolutNights when...,2016-05-11,2016-05-08
You know those #AbsolutNights when...,2016-05-13,2016-05-08
Absolut Citron Pineapple - get tropical and use loads of crushed ice.,2016-05-14,2016-05-08
Can you guess Sweden’s favorite food export? We’ll give you a hint - it’s not reindeer. #AbsolutNights,2016-05-16,2016-05-15
"This summer, swap city lights for festival fires. Just add friends. #AbsolutNights",2016-05-20,2016-05-15
You know those #AbsolutNights when...,2016-05-20,2016-05-15
Berry Açaí Cola - the fizzy refresher with a berry kick.,2016-05-22,2016-05-22
Crisp. Intense. Refreshing. Flavor your #AbsolutNights,2016-05-25,2016-05-22
Sharp. Sweet. Sophisticated. Flavor your #AbsolutNights,2016-05-27,2016-05-22
Producing Absolut now creates 80% less CO2 per litre. #AbsolutNights,2016-05-30,2016-05-29
"Embrace new faces, every night. #AbsolutNights",2016-05-31,2016-05-29
You know those #AbsolutNights when...,2016-06-02,2016-05-29
Absolut Mixr: turning a bedroom into a dancefloor has never been easier. #AbsolutNights,2016-06-04,2016-05-29
"Same nights, different day? Mix it up. #AbsolutNights",2016-06-05,2016-06-05
Our factory in Åhus creates over 1500 local jobs. That’s 1500 people helping you have #AbsolutNights,2016-06-06,2016-06-05
Which kit are you wearing? #AbsolutNights,2016-06-09,2016-06-05
You know those #AbsolutNights when...,2016-06-10,2016-06-05
The Absolut Mule. What’s your favorite flavor? #AbsolutNights,2016-06-11,2016-06-05
"RT @ABSOLUTvodka_US: #LoveIsLove, &amp; it is stronger than hate. Our hearts are with everyone affected by these tragic events. Visit",2016-06-14,2016-06-12
It's time for summer. Fill it with #AbsolutNights to remember.,2016-06-20,2016-06-19
Rule #1 of Swedish Midsummer: Everyone looks good in all white.,2016-06-21,2016-06-19
Rule #2 of Swedish Midsummer: flower crowns make everyone feel like royalty,2016-06-22,2016-06-19
"Rule #3 of Swedish Midsummer: You might not know what the words mean, but ‘Helan Går’ is a fun song to sing",2016-06-23,2016-06-19
"Rule #4 of Swedish Midsummer: old friends or new ones, everyone becomes your best friend at midsummer.",2016-06-24,2016-06-19
Rule #5 of Swedish Midsummer:  anything is a reason to toast with a great drink.,2016-06-24,2016-06-19
You know those #AbsolutNights when...,2016-06-27,2016-06-26
"Same nights, different day? Mix it up. #AbsolutNights",2016-06-27,2016-06-26
Absolut Mixr - when everyone’s a designated DJ. #AbsolutNights,2016-06-29,2016-06-26
We're ready to show our pride with something new. Are you? #LGBT,2015-05-03,2015-05-03
The sun sets @ #TomorrowlandBrasil2015 and the energy is intensifying as the last #AbsolutNights event is building up,2015-05-03,2015-05-03
"@Juristfan @sweden Still made in Åhus Sweden, with Swedish winter wheat, Swedish water. Provided by Swedes to you, the world...and Swedes",2015-05-04,2015-05-03
"Because #LoveIsLove, right?",2015-05-04,2015-05-03
Amazing times at @TMLBrasil! Wish you were there for some #AbsolutNights? (pics from @chaiwalla &amp; rrrudya on Insta),2015-05-05,2015-05-03
#AbsolutNights Jo'burg was anything but ordinary. Find out for yourself here:,2015-05-06,2015-05-03
"@JohnnyVegasReal it's totally possible - 2 parts Absolut, 1 of lime juice, 1 of syrup, loads of mint leaves and lime, top with soda. Winner.",2015-05-06,2015-05-03
"@JohnnyVegasReal Tonic and lemon, Johnny? We like your style. If the Absolut Vegas were a cocktail, what would be in it?",2015-05-06,2015-05-03
RT @JiriSiftar: Pure joy and happiness. That was #TomorrowLandBrasil. Thank you @AbsolutVodka for amazing …,2015-05-06,2015-05-03
Here's to a more colorful world! Do you want to be a part of it? #LGBTBT,2015-05-07,2015-05-03
"@pensandoaboutit Thanks! We're actually a Swedish company, though. Produced entirely in a small town called Åhus.",2015-05-07,2015-05-03
@Dark_Maturus and we are proud of you #LoveisLove,2015-05-08,2015-05-03
RT @artsy: Frances Stark talks winning the @AbsolutArt Award and collaborating with @djquik:,2015-05-08,2015-05-03
So do we… #LoveIsLove,2015-05-09,2015-05-03
"@JesusAfashion Much more boring, that's for sure!",2015-05-12,2015-05-10
"When worlds collide, #AbsolutNights happen. Lasers + style = one epic night. #Absolut",2015-05-12,2015-05-10
Equality. Some people shout it from the rooftops. We found a couple willing to go that little bit further #loveislove,2015-05-13,2015-05-10
RT @LesTravelsTV: The time Paige asked Amanda to marry her! VIDEO:,2015-05-15,2015-05-10
@LesTravelsTV We were so happy to be involved! You'll have a beautiful life together. x,2015-05-15,2015-05-10
New top? Killer heels? Lasers that set off when you dance? What do you wear to transform a night? #AbsolutNights,2015-05-17,2015-05-17
Witness the creation of the world’s first truly interactive dance floor:,2015-05-22,2015-05-17
Raise a glass with our newest cocktail and show your pride.,2015-05-24,2015-05-24
"@SCA2Dean @Elinjarlstrom @ftabastot that's a fun idea and great shot, well done!",2015-05-25,2015-05-24
"Skål, sláinte, prost, salud! How do you say it? #PartyTips",2015-05-25,2015-05-24
Parties are different when you become someone else. #AbsolutNights,2015-05-26,2015-05-24
"Bright, tall and bubbly. Sound like you? Here's how to mix an Icona Pop:",2015-05-29,2015-05-24
RT @AbsolutCanada: Throwing back to ‘95 and our #Absolut Canada chef campaign. Much more to come...,2015-05-29,2015-05-24
Make this sweetheart for yours… Here's how:,2015-05-30,2015-05-24
"Combine a flash of pink with plenty of attitude, for a look that’s more riot grrrl than Barbie girl. #AbsolutNights",2015-05-31,2015-05-31
,2015-06-01,2015-05-31
Every party is a stage. Here’s how we helped Sao Paulo take a leading role. #AbsolutNights,2015-06-03,2015-05-31
Ready for a night where your smile’s as big as the basslines? Let us know your plans  #AbsolutNights,2015-06-04,2015-05-31
Feeling hot? Here’s a sweet breeze to cool off. #Absolutdrinks,2015-06-05,2015-05-31
Fancy a magical mystery tour? We’ll sip Raspberri Fields Forever -,2015-06-06,2015-05-31
When was the last night that made you feel like this? #AbsolutNights,2015-06-07,2015-06-07
See what happens when partying and pyrotechnics combine. #AbsolutNights,2015-06-10,2015-06-07
RT @Paul_A_Frankl: Check out the trailer for #RoxFilm released by @absolutvodka today!,2015-06-10,2015-06-07
@TheGloryLondon You've all clearly got fabulous taste!,2015-06-10,2015-06-07
Have you met Basil? He’s a bit of a charmer.,2015-06-11,2015-06-07
"@mtthwrly Thanks, glad you think so - it's all the work of amazing director @Paul_A_Frankl, really!",2015-06-12,2015-06-07
"@adoyle_ as @Paul_A_Frankl said, we simply helped fund the film and get it in front of as many people as possible.",2015-06-12,2015-06-07
Root of all Bubbles | Absolut X Mr Porter | London Collections: Men:,2015-06-12,2015-06-07
Miami Vice. Acceptable in the 80s… still delicious now.,2015-06-12,2015-06-07
@NicSatow @Stevenjaws Such Hollywood handsomeness. Happy we could help. Keep the pics coming... #LoveIsLove,2015-06-15,2015-06-14
@Fitejn Obrigado Fiorela!,2015-06-15,2015-06-14
"@VincenzoGalgano Pretty smart! Washing helps, too... #justsayin",2015-06-15,2015-06-14
@ezekhalama Tan romántico... ¡A brindar! ??,2015-06-15,2015-06-14
"@Credlenation Gaaah - you got us, Grant!",2015-06-15,2015-06-14
"@luizuchi Perfeita, Luiz!",2015-06-15,2015-06-14
"@AjayDevaloka Great pic, Ajay",2015-06-15,2015-06-14
@UKframe Damn right we do! #LoveIsLove,2015-06-15,2015-06-14
"@KatherineMazz Right on, Katherine - after all, #LoveIsLove",2015-06-15,2015-06-14
@barreafterhours Chilled to the core. Just how we like it.,2015-06-15,2015-06-14
"#LoveIsLove, no matter who you share it with. We got creative to help Paige and Amanda celebrate their love.",2015-06-15,2015-06-14
"@ashleighfrances Loud and proud, Ashleigh! #LoveIsLove",2015-06-16,2015-06-14
@HENNEPINLAKE That's brightened up our day! Thanks for the pic,2015-06-16,2015-06-14
Fearless #drag performer @JonnyWooUK on the art of transformation,2015-06-16,2015-06-14
"@ebongeka We'll never tire of hearing that, Ebong ;)",2015-06-16,2015-06-14
"@CatSmith1984 @SoderandKo Happy to hear it, Cathriona! Check out some more raspberry tastiness on our site:",2015-06-16,2015-06-14
"@matthewshave @JoOhanlon Great work, both! Pretty enticing",2015-06-16,2015-06-14
@cometgonegreen Thanks Haley - just doing our bit,2015-06-16,2015-06-14
"@melloveswine #LoveIsLove, Mel - we're just helping to spread the word!",2015-06-16,2015-06-14
@socialgramcl @ALTAbrandPR ¡Salud compañeros! ??,2015-06-16,2015-06-14
"@GirlsDrinkVodka The perfect combination, if we do say so ourselves. PS: Your Twitter username is nothing less than outstanding",2015-06-16,2015-06-14
@InnDrift Nice work. Steady does it!,2015-06-16,2015-06-14
"@Visualise_IE *blush* Great piece, folks - thanks for the kind words",2015-06-16,2015-06-14
@AudreyVigne Thanks Audrey! #LoveIsLove and we're just helping to spread the word,2015-06-16,2015-06-14
@jmoritz @WordPress Where's the rest hiding??,2015-06-16,2015-06-14
"@foodtalkindia @AbsolutIndia Very nice, indeed!",2015-06-17,2015-06-14
"@GirlsDrinkVodka We're very happy to hear it! Pleased we made it into your April diary entry, too... ??",2015-06-17,2015-06-14
"@welove_paradise Hope it went well, Paul!",2015-06-17,2015-06-14
Elderflower and pear? Sounds like summer's here.,2015-06-17,2015-06-14
"@carmen_alfer ¡Gracias, Carmen! #AmorEsAmor #LoveIsLove",2015-06-17,2015-06-14
@UrbanRioPlano ¡Olé!,2015-06-17,2015-06-14
@PouncivalPants Glad you like it! More info (and a larger photo) here:,2015-06-17,2015-06-14
@foodtalkindia Very nice! Do you happen to know which cocktails he was making?,2015-06-17,2015-06-14
@KermyDT Why thank you!,2015-06-17,2015-06-14
@ChrisAnthony123 @ladygaga *crosses fingers* PS: You got @TrixieMattel to sign it?!!! #Outstanding,2015-06-17,2015-06-14
"@JRLopez Our absolut pleasure, Jose!",2015-06-18,2015-06-14
"@MissKatieBoe Google wins that particular game, Kate!",2015-06-18,2015-06-14
"@doodle_india Good music, #Absolut vodka and the perfect @Couchsurfing host - sounds like a beautiful combination to us!",2015-06-18,2015-06-14
"@steelersgrl79 @Maymy_3 Brightens up the place, eh? Glad you're liking it",2015-06-18,2015-06-14
@AfS_Vern :D,2015-06-18,2015-06-14
You’ve heard of a banana hammock? Well this is a Mango Sling…,2015-06-18,2015-06-14
"@Turbantastic A perfect combo, Jaskaran!",2015-06-18,2015-06-14
@CafeTabacFilm :) #LoveIsLove,2015-06-18,2015-06-14
"@HavokDesigns Beautiful work on those necklaces, Kristen!",2015-06-18,2015-06-14
@NaughtyNosher Wow! Vodka flavour?,2015-06-18,2015-06-14
"@jo_linehan @BodyandSoulIrl We try our best, Jo. Cheers! ??",2015-06-18,2015-06-14
"@chpulidozas @FELGTB Gracias, Christian - estamos muy orgullosos... #AmorEsAmor #LoveIsLove",2015-06-18,2015-06-14
@redandwhitetam A beautiful sight!,2015-06-18,2015-06-14
"@riaangeorge Skål, George!",2015-06-18,2015-06-14
@anpucangalway Thanks An - here's to the weekend! ??,2015-06-19,2015-06-14
@QueerBoiSays @MOLLYSCHIOT Very happy to hear it - just spreading the word: #LoveIsLove!,2015-06-19,2015-06-14
"@jessoutside @InsideHook Spot on, Jess",2015-06-19,2015-06-14
"@TobaZaritsky @TheRealCurve Glad you're liking it, Koba! Spread the word: #LoveIsLove",2015-06-19,2015-06-14
"@mixitup42 Thanks, Michael. Cheers! ??",2015-06-19,2015-06-14
@ApothekeNYC Simply divine!,2015-06-19,2015-06-14
"@NaughtyNosher Impressive. Come the zombie apocalypse, party at your place, yeah? ??",2015-06-19,2015-06-14
"With #AbsolutNights, one thing's for sure - expect the unexpected... #TomorrowlandBrasil",2015-06-19,2015-06-14
@IceCubeChd *salivates a little*,2015-06-19,2015-06-14
"@StevieFrenchSA How was it, Stevie? PS: Here are some more, if you're feeling like getting back in the saddle:",2015-06-19,2015-06-14
"@TheRealCurve Thanks for the support, Curve! And thanks to Melanie for the great article... #LoveIsLove",2015-06-19,2015-06-14
@QueerBoiSays Shot by the amazing @MollySchiot. Did you like it? #LoveIsLove,2015-06-19,2015-06-14
"@AfS_Vern It's the only question that really matters, Vern! #skål! ?",2015-06-19,2015-06-14
@StephanWelzCo What type of cocktails? Pray tell...,2015-06-19,2015-06-14
"@WTCmattlynch Great spot, Matthew!",2015-06-19,2015-06-14
Hug the hate away - happy #ZurichPride! #LoveIsLove,2015-06-20,2015-06-14
@KenSweeney @BodyandSoulIrl Busy bees keeping the ???????? coming!,2015-06-20,2015-06-14
"@InMyBowl_ Perfect. Thanks, Alexandra - looks like you had an awesome time! ??",2015-06-20,2015-06-14
@CafeTabacFilm @realleadelaria @ABSOLUTvodka_US @MACcosmetics @IndochineNYC @uadnyc Hope you all had an awesome time! #LoveIsLove,2015-06-20,2015-06-14
"@hevanya_b @kamz_05 Enjoy, Hevanya! And be sure to tweet us pics...",2015-06-20,2015-06-14
"@robbielsmith Great bottle, Robbie, but it's not a genuine Absolut product. Still pretty cool. #MayTheForceBeWithYou",2015-06-20,2015-06-14
"@InMyBowl_ Happy to hear you had a great time, Alexandra - feel free to tweet us more photos",2015-06-20,2015-06-14
"@LolaBejaoui How was it, Lauren? Any pics? #AbsolutSunset",2015-06-20,2015-06-14
@Ella_Corporate @LesTravelsTV @MOLLYSCHIOT @TheRealCurve We're brimming with pride - thanks for the tweet! #LoveIsLove,2015-06-20,2015-06-14
"@PamelaVis ¡Exquisito, Pamela!",2015-06-20,2015-06-14
@PuraGenteBar ¡Salud amigos! ??,2015-06-20,2015-06-14
@NeilSalsbury Well that would explain why sales increase around flu season. What are you favorite flavors? We'll find something for you,2015-06-20,2015-06-14
@NdumisoShouts @Woodkid *favorite*,2015-06-20,2015-06-14
"@Gary_Jerry Happy you like it, Gary. Not one of ours, but still pretty awesome... #TheForceIsStrongWithThisOne",2015-06-20,2015-06-14
"@eb3dd0600cdf4a9 Pretty beautiful, if we do say so ourselves, Jaankey",2015-06-20,2015-06-14
#Midsummer nights are #AbsolutNights… never-ending and unforgettable,2015-06-20,2015-06-14
"@1liroum Obrigado, Júlio! ??",2015-06-20,2015-06-14
@Eagle_Hoxton *salivates*,2015-06-20,2015-06-14
"@JuanjoFuster Great photo, Juanjo! #LoveIsLove #AmorEsAmor",2015-06-21,2015-06-21
"@Vicki_McGrath @chewerson Hope you had a great time @BodyandSoulIrl, Vicki!",2015-06-21,2015-06-21
"@THELMAKIDDO Nice shot, Thelma!",2015-06-21,2015-06-21
"RT @JuanjoFuster: Welcome to the party of love, respect and tolerance #loveislove ??????? @AbsolutVodka #spon #sitges #gaypride2015",2015-06-21,2015-06-21
"@dete71 Gracias, Carmen! #AmorEsAmor #LoveIsLove",2015-06-21,2015-06-21
"@AndrewAwesome76 @mayleetodd Glad you're liking them, Andrew! #LoveIsLove",2015-06-21,2015-06-21
"@Argylophile @SoFoTap Happy to hear it, Eric!",2015-06-21,2015-06-21
How about a shot with the old man today? Happy #FathersDay!,2015-06-21,2015-06-21
"@emilyluluhunt Very nice, Emily - photos please!",2015-06-21,2015-06-21
"Love is freedom. #LoveIsLove. Thank you for the photos, @JuanjoFuster! #GayPrideSitges2015",2015-06-22,2015-06-21
@MEXICORROSIVO That's a question for our friends @absolutmexico! #LoveIsLove #AmorEsAmor,2015-06-23,2015-06-21
"@dete71 Gracias, Carmen! #LoveIsLove #AmorEsAmor",2015-06-23,2015-06-21
@L_Ang_06 ¡Salud! ??,2015-06-23,2015-06-21
@DrinksCordoba Exquisita ;),2015-06-23,2015-06-21
"@GordonPatten Stay tuned, Gordon - we'll be unveiling it tomorrow! We'll drop you a tweet then",2015-06-23,2015-06-21
"@hevanya_b Awesome photo, Hevanya!",2015-06-23,2015-06-21
"@LolaBejaoui That pretty special, Lauren - thanks for sharing. Hope you had an awesome time!",2015-06-23,2015-06-21
"Love was in the air this weekend at #GayPrideSitges2015 - great shot, @dete71! #LoveIsLove",2015-06-23,2015-06-21
"@camiDrrrago @socialgramcl ¡Te esperamos, Cami! ??",2015-06-23,2015-06-21
@DianaGm100 :D #AmorEsAmor,2015-06-23,2015-06-21
"@ChrisAnthony123 Great work, Chris - what are you planning on doing with the bottle?",2015-06-23,2015-06-21
"@Spencerkupish Thanks, Spencer!",2015-06-23,2015-06-21
"If you believe amazing art should be affordable, you need to visit @AbsolutArt:",2015-06-23,2015-06-21
"@Vicki_McGrath @BodyandSoulIrl Glad you enjoyed it, Vicki! Thanks for the beautiful pic",2015-06-23,2015-06-21
RT @RupertStreetBar: Thank you @absolutvodka for the Rainbow Vodka bottles! @LondonLGBTPride 27th June ??,2015-06-23,2015-06-21
"@_ZETTELER_ @NewDesigners Hope you enjoy it. Would love to see some pics, if you get time!",2015-06-23,2015-06-21
"@mand47 Enjoy, Mandy!",2015-06-23,2015-06-21
"@CupidsAssasin You're never alone, Brandon - BIG LOVE",2015-06-23,2015-06-21
@LesTravelsTV @Ella_Corporate Our pleasure - hope you're both well :) #LoveIsLove,2015-06-23,2015-06-21
@JuanjoFuster De nada ;),2015-06-23,2015-06-21
"@MartinaBisaz Thanks, Martina! #LoveIsLove",2015-06-23,2015-06-21
"@dete71 Our pleasure, Carmen. Thanks for the beautiful photos!",2015-06-23,2015-06-21
We are proud to believe in equality. We believe that the world needs to change. We will never stop. #AbsolutColors,2015-06-24,2015-06-21
"Roxanne is a new film by @Paul_A_Frankl, which we helped to fund. Watch how it came together... #TransIsBeautiful",2015-06-24,2015-06-21
"@uriberjf ¡El #AmorEsAmor, Fernando!",2015-06-26,2015-06-21
@LondinWithAnI Always! #LoveIsLove,2015-06-26,2015-06-21
"@Ahime_angel Thank you, Aimee - please help us spread the word: #LoveIsLove!",2015-06-26,2015-06-21
@daniellismore @thefattony Very nice! #LoveIsLove,2015-06-26,2015-06-21
"@Manu_v3ga :) El amor siempre gana, Manu... ?",2015-06-26,2015-06-21
@AbsolutNomad Hmmmmm - what kind of flavours do you enjoy?,2015-06-26,2015-06-21
"@milversiones ¡Salud, amigos!",2015-06-26,2015-06-21
@gozeilauren ? #LoveIsLove ?,2015-06-26,2015-06-21
"@Manu_v3ga Perfecto, Manu! #LoveIsLove #AmorEsAmor",2015-06-26,2015-06-21
"@DiyEcoDesign Our pleasure, Dan!",2015-06-26,2015-06-21
"@merielbeale Thanks for letting us know, Meriel. Please DM us the details so we can look into this for you first thing next week",2015-06-26,2015-06-21
"@JesusAfashion Haha! Perfect start to the weekend, Owen... ??",2015-06-26,2015-06-21
@KitschMacu Kind of you to say so. Thanks :) #LoveIsLove,2015-06-26,2015-06-21
"@fmacqueen @Paul_A_Frankl Agree! Here's the trailer, Flora:",2015-06-26,2015-06-21
@socialgramcl @javdiazdevaldes @ALTAbrandPR @clubeve ¿disfrutaron?,2015-06-26,2015-06-21
@KitschMacu Thank you! Help us spread the word: #LoveIsLove #AmorEsAmor,2015-06-26,2015-06-21
"@Brain_Chain Sweet shot, Kate!",2015-06-26,2015-06-21
@MEXICORROSIVO Our friends @absolutmexico will be able to help,2015-06-26,2015-06-21
@Biten96 ?_?,2015-06-26,2015-06-21
@LietaMarziali @NewDesigners Congratulations!,2015-06-26,2015-06-21
"@xochilt_escobar Glad you like it! You don't have to be gay to appreciate its design, or the message behind it... #LoveIsLove",2015-06-26,2015-06-21
Finally! #LoveIsLove #LoveWins,2015-06-26,2015-06-21
"@merielbeale Happy to hear it, Meriel",2015-06-26,2015-06-21
"@chloe_dymond Awesome work, Chloe!",2015-06-26,2015-06-21
@GarethNorris @DrMichaelBrooks Perhaps our friends @AbsolutCanada can help?,2015-06-26,2015-06-21
"@takinyerphoto Amazing news for a perfect toast, Anthony!",2015-06-26,2015-06-21
@vogue_italia Grazie!,2015-06-26,2015-06-21
"@JesusAfashion Simple mistake, Owen",2015-06-26,2015-06-21
"@absolutmexico De nada, amigos :)",2015-06-26,2015-06-21
"@absolutandres Precisely, Andrés! The time has finally come. Amazing news! #LoveIsLove",2015-06-26,2015-06-21
@Eliseo_FG @JonnyWooUK Indeed!,2015-06-26,2015-06-21
"@lfrancs Glad you're liking them, Lindsay!",2015-06-26,2015-06-21
@antonhysenoffic @RupertStreetBar @SohoFC Thanks Anton - hope you're toasting today's amazing decision! #LoveIsLove #LoveWins,2015-06-26,2015-06-21
"@Joker_atl Just as we believe in everyone’s freedom of expression and equality, we believe in your freedom to buy whatever vodka you like.",2015-06-26,2015-06-21
@CarlosTaste @NewDesigners *salivates a little*,2015-06-26,2015-06-21
"@MikeRequena Siempre, Mike!",2015-06-26,2015-06-21
@nyiko12 Easy ??,2015-06-26,2015-06-21
@Fadui @RMBaloncesto @absolut_es :D,2015-06-26,2015-06-21
@farrahraine Why thank you!,2015-06-26,2015-06-21
"@Zoooooooooooran Nice try, Zoran ;) Congrats on your exams!!!",2015-06-26,2015-06-21
@mand47 ?_?,2015-06-26,2015-06-21
Enjoy Absolut Raspberry Collins and have a great #Friday! #AbsolutDrinks #TomCollins,2014-08-22,2014-08-17
@MaSattler the city-inspired editions are mainly available in the local markets. You should be able purchase Absolut Berlin in Germany,2014-08-25,2014-08-24
This is so cool! Does it come in cobalt blue? @kickstarter,2014-08-28,2014-08-24
@Juniie_Duncan Glad you enjoy it. Cheers!,2014-09-01,2014-08-31
@OXO_Tower @ABSOLUTUK This looks so delicious.,2014-09-01,2014-08-31
What will happen if we inject a heavy dose of creativity into your nightlife?#AbsolutNights,2014-09-03,2014-08-31
@DaveLandes 3501 drinks actually. Here's the latest addition,2014-09-05,2014-08-31
RT @ABSOLUTvodka_US: This Friday we're transforming NYC into the most electrifying club in the world #absolutnights,2014-09-10,2014-09-07
On Friday for one night only @VitaMotus will set the stage for Nights By Absolut,2014-09-11,2014-09-07
RT @ABSOLUTvodka_US: Ready to kick off #AbsolutNights this Friday?! We are! Find us rolling through the NYC streets tonight for a preview. …,2014-09-11,2014-09-07
"RT @ABSOLUTvodka_US: Tonight #AbsolutNights is transforming Red Hook, Brooklyn into the most vital club in the world.",2014-09-12,2014-09-07
"RT @ComplexStyle: Artists all over the world are creating wild nightlife installations for ""Nights By Absolut."" #AbsolutNights",2014-09-12,2014-09-07
@Swaylondon Looks delicious. Cheers!,2014-09-12,2014-09-07
"The spots to enjoy the stunning views of NYC, the ""city that never sleeps”. #AbsolutNights",2014-09-12,2014-09-07
RT @VitaMotus: Close-up. @vitamotus in #NYC. Image by @alexlazarus #absolutnights @absolutvodka @absolutvodka_us #vice @vice #vi...,2014-09-12,2014-09-07
"@jessies_brain Hi! It doesn't include a +1; so, your friend need to rsvp too. Looking forward to see you there.",2014-09-12,2014-09-07
RT @Zedd: Just got to NYC!  ABSOLUTely love this place! ;),2014-09-13,2014-09-07
"RT @ABSOLUTvodka_US: Live from BK: For one night only, the waterfront is the most vital club in the world. On your way yet? #AbsolutNights …",2014-09-13,2014-09-07
RT @ComplexStyle: Artists @VitaMotus incorporated the @ABSOLUTvodka_US bottle into the stage design at #AbsolutNights ?,2014-09-13,2014-09-07
RT @ABSOLUTvodka_US: Toast to #AbsolutNights,2014-09-13,2014-09-07
RT @ABSOLUTvodka_US: Can anyone see our illuminated bottle from across the river? #AbsolutNights,2014-09-13,2014-09-07
RT @NoiseyMusic: OMG! Zedd just came out and surprised everyone! Y R U MY CLARITY??? @Absolut #AbsolutNights,2014-09-13,2014-09-07
RT @Zedd: Played a secret show in NYC on the pier last night &amp; got craned up in a shipping container! Thanks @ABSOLUTvodka_US!,2014-09-14,2014-09-14
Spark something in Johannesburg. @flaminglotus #AbsolutNights #FlamingLotusGirls #CharlesGadeken,2014-09-15,2014-09-14
@deirdre_duggan try it!,2014-09-15,2014-09-14
@jessies_brain we love the images taken by our guests during the party. Check out,2014-09-16,2014-09-14
#AbsolutNights Takes Over Red Hook in Brooklyn for the First of Four International Parties,2014-09-16,2014-09-14
RT @JOE_WILSON: Very excited to announce a great new project with @absolutvodka and @PrintClubLondon! #AbsolutNights Stay Tuned!,2014-09-16,2014-09-14
"@JoeBelliotti Hi Joe, we heard you liked the painting. So, we put it on the bottle #AbsolutWarhol",2014-09-17,2014-09-14
#AbsolutWarhol is finally out. Check out,2014-09-17,2014-09-14
@Joe_Wilson artistic interpretation of your @tweetsbyjosh image is coming soon. @PrintClubLondon #AbsolutNights /,2014-09-18,2014-09-14
Transformed by @JOE_WILSON @tweetsbyjosh hope you love it like we do. @PrintClubLondon #AbsolutNights #TransformToday,2014-09-18,2014-09-14
RT @AbsolutSA: Become the catalyst for an artistic explosion with #CharlesGadeken and #AbsolutNights #ZA,2014-09-20,2014-09-14
RT @AbsolutSA: Can you feel it? Something big is coming to Jozi tonight… #AbsolutNights #ZA,2014-09-20,2014-09-14
RT @AbsolutSA: Set it on fire! #AbsolutNights transforms the night! #ZA,2014-09-20,2014-09-14
RT @AbsolutSA: Tonight we’ll go beyond the ordinary. Will you join us? #AbsolutNights #ZA,2014-09-20,2014-09-14
RT @AbsolutSA: We've arrived at our destination. Get ready to transform the night! #AbsolutNights #ZA,2014-09-20,2014-09-14
"RT @ComplexStyle: Out here for @ABSOLUTvodka_US' #AbsolutNights event in Johannesburg, South Africa",2014-09-20,2014-09-14
Flying sparks in the bushveld of Jo'burg. This #AbsolutNights with #CharlesGadeken and DaveX @flaminglotus,2014-09-21,2014-09-21
This is @RoCovets reimagined by #AbsolutNights. Thanks @JOE_WILSON for cool artistic interpretation @PrintClubLondon,2014-09-22,2014-09-21
Getting ready!... #LaserDresses in the control room @STUDIO_XO #FashionFutures #AbsolutNights,2014-09-25,2014-09-21
#AbsolutNights in #Joburg exploaded. Berlin is up next.,2014-09-25,2014-09-21
RT @JOE_WILSON: I created this for the stunning #AbsolutNights in Jo'Burg! for my ongoing collab with @absolutvodka @PrintClubLondon,2014-09-25,2014-09-21
Absolut and Charles Gadeken Built a Massive Cube in the Middle of Nowehere in South Africa and Threw an Insane Party,2014-09-25,2014-09-21
Willkommen to the Jungle. #AbsolutNights will kick off in Berlin already tomorrow #TransformToday,2014-09-26,2014-09-21
Leif Elggren aims to channel Andy Warhols spirit and and connect with him once again,2014-09-29,2014-09-28
Absolut and 3 artists will make new art with the spirit of Warhol - join their @reddit_AMA on Monday 9/29 at 2 PM!,2014-09-29,2014-09-28
"Leif Elggren believes he can hear the voice of Andy Warhol, join his AMA now!",2014-09-29,2014-09-28
Join Leif Elggren and @schnllbntbldr for their @reddit_AMA on Monday 9/29 at 2 PM ET here:,2014-09-29,2014-09-28
RT @reddit_AMA: Join @schnllbntbldr and Leif Elggren for their ama live now:,2014-09-29,2014-09-28
@fwikingsson @PodFF We'll see on Wednesday...,2014-09-30,2014-09-28
Waking up Warhol-Stay tuned to see what a hero from the not so distant past would be doing today #AbsolutWarhol,2014-10-01,2014-09-28
RT @ABSOLUTvodka_US: Toast to #WarholSpirit,2014-10-02,2014-09-28
RT @TomSG_: This is what installation art meets 336 bottles of @ABSOLUTvodka_US looks like. #AbsolutWarhol #WarholSpirit,2014-10-02,2014-09-28
RT @ABSOLUTvodka_US: Channeling the #WarholSpirit with @atrak #WarholSpirit #Atrak,2014-10-02,2014-09-28
@atrak and #AndyWarhol (?) in the house! Photo Credit: @AJR_Photos #AbsolutWarhol #warholspirit,2014-10-02,2014-09-28
Meet the Spirits of the evening. #AbsolutDrinks #AbsolutWarhol #NYC #AndyWarhol #warholspirit,2014-10-02,2014-09-28
RT @anguiano_esme: Things are about to heat up in #HellsKitchen. #WarholSpirit #party here,2014-10-02,2014-09-28
RT @SeanAikens: #absolutwarhol,2014-10-02,2014-09-28
RT @creativeapps: Absolut Art Exchange - CAN is calling for entries for global art exchange / @AbsolutVodka,2014-10-02,2014-09-28
Tonight we together w @Schnellebuntebilder @atrak &amp; @LeifElggren will collaborate with Andy Warhol's spirit to create new art #ABSOLUTWARHOL,2014-10-02,2014-09-28
@gbalasundar hope you're having a good time!,2014-10-02,2014-09-28
@atrak &amp; Leif Elggren brings to life what could be the voice of #Warhol Live on,2014-10-02,2014-09-28
RT @guestofaguest: The master of the decks #Atrak getting ready to mix at the #AbsolutWarhol event! @ SIR Stage37,2014-10-02,2014-09-28
Tonight together with Marianne Krawczyk we will rewrite #SaoPaulo by night.  #AbsolutNights #TransformToday,2014-10-03,2014-09-28
Getting ready for our Nights experience in Sao Paulo at the Victor Hugo mansion tonight. #AbsolutNights,2014-10-03,2014-09-28
The night in Sao Paulo transformed by creating an immersive theatre experience #AbsolutNigts #TransformToday,2014-10-05,2014-10-05
Experience #AbsolutNights in Jo'Burg as seen by @ChadSaaiman and illustrated by @JOE_WILSON @PrintClubLondon,2014-10-06,2014-10-05
@taylormckimens has one of the top rated pieces on the Andy Warhol Art Exchange. Submit yours,2014-10-09,2014-10-05
Submit a piece to the Andy Warhol art exchange and you could win an original Warhol,2014-10-10,2014-10-05
RT @brahmino: Andy Warhol Art Exchange. Here's my pop work for @absolutvodka  Just discover how it works!,2014-10-13,2014-10-12
@wa33erbauch Hi! Check out here,2014-10-13,2014-10-12
@KeenoLee partying in the mirrored cube during #AbsolutNighs in Jo’Burg. Illustrated by @JOE_WILSON @PrintClubLondon,2014-10-15,2014-10-12
@ABSOLUTUK,2014-10-16,2014-10-12
#GodofWar Author Marianne Krawczyk created a role playing Experience @ Nights By Absolut in São Paulo #Absolutnights,2014-10-16,2014-10-12
Have you shared your art piece on #AndyWarhol #ArtExchange? Enter the race on,2014-10-20,2014-10-19
Hi @SivanJohn If you are not going for a Bloody Mary which Absolut Peppar is perfect for I would recommend strawberry juice and basil.,2014-10-22,2014-10-19
@SivanJohn you should also check out,2014-10-22,2014-10-19
Partying in the world where nightlife meets nature. Illustrated by @JOE_WILSON @PrintClubLondon #AbsolutNights,2014-10-23,2014-10-19
Indulge this weekend with #TheRealPSL – for grown ups. #AbsolutDrinks,2014-10-25,2014-10-19
@ThiagoMancini and @nicnina reimagined by @JOE_WILSON @PrintClubLondon #AbsolutNights #TransformToday,2014-10-27,2014-10-26
@HouseofRadon See you then,2014-10-29,2014-10-26
@JoesDaily Great video!,2014-10-29,2014-10-26
#WelcomeOut @tim_cook - Keep thinking different,2014-10-30,2014-10-26
BOOO! #TrickOrTreat?,2014-10-31,2014-10-26
@JOE_WILSON transformed @Lucyllionaire taking on a new persona at #AbsolutNights in #SaoPaulo @PrintClubLondon,2014-11-01,2014-10-26
@JOE_WILSON transformed @danielbovolento in his new character #AbsolutNights #TransformToday @PrintClubLondon,2014-11-02,2014-11-02
Thanks @radioryebread making cocktails tonight?,2014-11-06,2014-11-02
"@makemineavodka don't forget to get plenty of ice,",2014-11-09,2014-11-09
RT @DiedricaBlog: Round 2 - Absolut Art Exchange + Selected Works / @absolutvodka,2014-11-11,2014-11-09
RT @artiforest: &lt;3 my digital art for Round 2 of @absolutvodka Art Exchange. Selected works at @creativeapps,2014-11-11,2014-11-09
Hey @AGumminalle Absolut Citrons flavour comes from lemons. All our flavourings come from natural sources.,2014-11-17,2014-11-16
Epic Nights out look different everywhere. This is what happened when @Zedd remixed New York's #AbsolutNights,2014-11-21,2014-11-16
Check out the second part of Nightscapes with Charles Gadeken,2014-12-01,2014-11-30
@HistoryOhMy and here's how to make the delicious concoction,2014-12-02,2014-11-30
RT @ABSOLUTvodka_US: 10 things you didn't know about #Absolut according to the @thedailymeal,2014-12-10,2014-12-07
@xameliax - Try it with  1 Part Absolut Mango 2 Parts Cranberry Juice 1 Part Mango Juice 1 Slice Mango Ice Cubes,2014-12-18,2014-12-14
@xameliax Enjoy and let us know what you come up with.,2014-12-18,2014-12-14
@Doc_Innovation Absolut since 1879,2014-12-19,2014-12-14
@xameliax Skål!,2014-12-19,2014-12-14
@SueKiri Espresso Martini?,2014-12-19,2014-12-14
Hi @domaindetente please find a full response on the forum where you posted your question initially.,2014-12-26,2014-12-21
RT @AbsolutCanada: You'll find us under the mistletoe looking cute all day. #Absolut #Xmas,2014-12-26,2014-12-21
Internet #throwback2014 - Do you know them all? Did we miss anything?,2014-12-30,2014-12-28
"#HappyNewYear everyone! Clearly, a Bloody Mary is a no brainer today",2015-01-01,2014-12-28
Got a drop of Champagne left from #NYE? Don't let it go to waste - make this:,2015-01-03,2014-12-28
Back at work today? Just imagine that you're here instead. #GoToYourHappyPlace,2015-01-05,2015-01-04
Shake it!,2015-01-06,2015-01-04
@emilyrosebenne Sorry to see this but thank you for reaching out. This is very unusual. Your local office @ABSOLUTUK will get in touch.,2015-01-07,2015-01-04
"If you could crack this bottle open with absolutely anyone, who would it be?",2015-01-07,2015-01-04
Go for a classic tonight. It's got to be an #AbsolutCosmo.,2015-01-09,2015-01-04
"Long, dark nights are well spent with a Black Russian. Who's with us?",2015-01-10,2015-01-04
Give your cocktail making skills the edge with these 7 tips.,2015-01-14,2015-01-11
@JimBeam @xameliax loving the creativity of the #OxPasturePassion,2015-01-16,2015-01-11
The best thing about a Collins is that it's so easy to tweak to your taste. Get started now...,2015-01-17,2015-01-11
RT @RevolutionBars: Our vodka of the month is the legendary @ABSOLUTUK. Check out the details:,2015-01-19,2015-01-18
Absolut Vanilia has had a makeover - what do you think?,2015-01-20,2015-01-18
A cosmo isn't a cosmo without #AbsolutCitron.,2015-01-21,2015-01-18
One for those with a penchant for round fruit (or just love the refreshing taste of cranberries and grapefruit),2015-01-22,2015-01-18
Test the barman and ask for a Screwdriver instead of naming the popular mixer in this classic drink,2015-01-23,2015-01-18
"It may not be summer, but that's not going to stop us from making one of these...",2015-01-24,2015-01-18
#Warhol invented the 'It Girl'. We invented the 'It Girl' cocktail. You drink it. Simple.,2015-01-25,2015-01-25
"If there's one thing your home bar is missing, it's a muddler.",2015-01-26,2015-01-25
@ashleyshipley depends if you are drinking neat or in a cocktail. Drink: Ginger &amp; lemon. Neat: try horseradish for an original experience :),2015-01-28,2015-01-25
Why stay in when this is waiting for you outside?,2015-01-29,2015-01-25
Could these be the most creative #Instagrammers on earth?,2015-02-02,2015-02-01
The bartender should be your best friend. #PartyTip,2015-02-03,2015-02-01
Hi @yelppoa get in touch with @ABSOLUTbr for questions directed to the Brazilian team,2015-02-05,2015-02-01
Absolut Citron? Check. Sugar? Check. Lime? Check. Delicious caipiroska? Check.,2015-02-06,2015-02-01
#PartyTip Don't be that person who looks like they'd rather be somewhere else…,2015-02-10,2015-02-08
RT @mixcloud: .@FoolsGoldRecs @catchdini premieres the 1st Absolut Mixes @ABSOLUTvodka_US with his exclusive future bass mix,2015-02-10,2015-02-08
RT @catchdini: new DJ mix on @mixcloud today kicking off the #AbsolutMixes series!,2015-02-10,2015-02-08
Ella. Absolut Apeach. Peach licquer. Peach bitters. Peachy.,2015-02-11,2015-02-08
"Sitting in an office right now? We're so, so sorry. You could be here instead…",2015-02-12,2015-02-08
RT @AestheticaMag: German #artist Michael Riedel collaborates w/ @absolutvodka on new Art Bar @PalaisdeTokyo,2015-02-13,2015-02-08
"Watch out for any bananas on the floor, black cats or broken mirrors - it's #FridayThe13th again!",2015-02-13,2015-02-08
Discover our take on a classic. The Absolut Pineapple Martini.,2015-02-16,2015-02-15
We know where we want to be today! Let's head to Rio. #MardiGras,2015-02-16,2015-02-15
Hi @SocialJulio our US team are managing this so please reach out to @ABSOLUTvodka_US for info,2015-02-17,2015-02-15
Here's to Tuesday! #CelebrateEveryDay #PartyTips,2015-02-17,2015-02-15
Right?,2015-02-18,2015-02-15
Ladies and gentlemen… Let's hear it for the Absolut Negroni!,2015-02-20,2015-02-15
This video is AMAZING. Dance + digital = Magic.,2015-02-24,2015-02-22
There's nothing old fashioned about THIS Old Fashioned. Here's how to make it:,2015-02-26,2015-02-22
You made it to the weekend. Now make the most of it…,2015-02-27,2015-02-22
Eddie Redmayne looks SO beautiful as #LiliElbe. Have you see him? #OnARoll,2015-02-27,2015-02-22
This could be one of the best cocktails for the winter. Make a Bramble here:,2015-02-28,2015-02-22
Wondering what to listen to post-@Serial? We've got your podcast needs covered:,2015-03-02,2015-03-01
You do you. Amazing words from Ellen Page. #LoveIsLove,2015-03-03,2015-03-01
There's a lot of 'buzz' about #AbsolutHoney. Grab it when you're next at the airport.,2015-03-04,2015-03-01
Cilantro isn't just for salads… Try one of these tonight:,2015-03-05,2015-03-01
We’ve got your March covered with @SXSW to @FantasticMan via @TheBukuProject,2015-03-05,2015-03-01
"Like its namesake, this one is fast, sleek and it's got a bite!",2015-03-06,2015-03-01
.@Macklemore dropping some truth. #LoveIsLove,2015-03-10,2015-03-08
"When life gives you lemons, make an Absolut Cilantro Lemonade.",2015-03-11,2015-03-08
"Prepare yourself for the Texan heat of #SXSW with the Absolut Fire Mule, created in collaboration with @MRPORTERLIVE",2015-03-12,2015-03-08
Some like it hot… this is one for them.,2015-03-14,2015-03-08
"'Honey, I'm coming home"" - Pick one of these up at the airport and bring it home. #AbsolutHoney",2015-03-16,2015-03-15
We know we're not Irish - but when did that ever stop someone celebrating #StPatricksDay?,2015-03-17,2015-03-15
RT @mixcloud: The 2nd instalment of Absolut Mixes @absolutvodka is here! Indulge in  @therealcrookers's mix #hiphop #house #bass,2015-03-19,2015-03-15
When is a Mojito not a Mojito? When it's an #Absolut Mango Mojito!,2015-03-19,2015-03-15
The #Eclipse ! Don't stare straight into it. We took a photo instead to protect our eyes. What do you think?,2015-03-20,2015-03-15
How do you make a Bellini even fancier? Add #Absolut and raspberries. Done.,2015-03-21,2015-03-15
"Elderflower, lime and cucumber sounds like a picnic in a glass, to us.",2015-03-22,2015-03-22
Your Dacquiri or your body. Ideally both (but not at the same time).,2015-03-23,2015-03-22
How does it taste? As the Brits would say… smashing!,2015-03-25,2015-03-22
Hi @mdbergfeld check this out,2015-03-27,2015-03-22
"""I can't get no... satisfaction!"" Yes, you can. Just make yourself one of these. Easy.",2015-03-27,2015-03-22
How else are you gonna make new friends? #PartyTips,2015-03-29,2015-03-29
RT @mixcloud: Oh the weekend is not over yet! Listen back to the exclusive mix of @therealcrookers for Absolut Mixes @absolutvodka:,2015-03-29,2015-03-29
@Scotty_Marshall glad you enjoy it! You can contact our local team in SA to find out where to buy our products:,2015-03-30,2015-03-29
@elisewryly Hey Elise - it's 'e - licks'. Are you a fan?,2015-03-30,2015-03-29
It's called a black Russian since people thought all vodka was Russian. Call it a black Swedish if you like.,2015-04-01,2015-03-29
@LocoEventsHull please send your sponsorship request to sponsorships@pernod-ricard.com,2015-04-02,2015-03-29
We can only achieve equality when everyone has the same right to love. #loveislove,2015-04-02,2015-03-29
Do you spend as long getting ready to go out as you do dancing? You might be a head-turner!,2015-04-03,2015-03-29
Know one of these? Which of your friends is the classic party poser?,2015-04-05,2015-04-05
Truth. #loveislove Are you with us?,2015-04-07,2015-04-05
An entirely different type of Easter egg - the secret messages on your favourite albums.,2015-04-07,2015-04-05
How do your spruce up a mojito? Add strawberries!,2015-04-08,2015-04-05
Which of your friends is the Duracell dancer? They just can’t stop!,2015-04-14,2015-04-12
"For us, sipping a cosmo is like meeting an old friend. We go way back!",2015-04-14,2015-04-12
Absolut + milk + Kahlua = an all time classic. Are we wrong?,2015-04-16,2015-04-12
RT @mixcloud: The third edition of #AbsolutMixes is here by @absolutvodka. Selecting the brilliant @Shadow_Child,2015-04-17,2015-04-12
"Why's it called a mule? Well, it's certainly got a kick...",2015-04-19,2015-04-19
#AbsolutArt is coming. April 24th. Visit,2015-04-20,2015-04-19
You know it's the sensible thing to do before a big night…,2015-04-20,2015-04-19
@clux86 The wait is over and we are equally proud.,2015-04-21,2015-04-19
RT @Shadow_Child: “@devoteassociate: Bit of @Shadow_Child to start the day,2015-04-21,2015-04-19
"It's a 150 year-old recipe, but tastes as fresh as ever. Learn how to make your own:",2015-04-23,2015-04-19
Watch our new video feat. never heard before music from the forthcoming @EmpireOfTheSun album. #AbsolutNights,2015-04-23,2015-04-19
The black blooded mary. For when a bloody mary just won't cut it.,2015-04-25,2015-04-19
Mix things up by ordering a Soho Martini at the bar tonight.,2015-04-26,2015-04-26
Find out how our team of creative minds used light to transform a night.,2015-04-29,2015-04-26
"We’ve got something VERY special planed for @TMLBrasil - if you’re going, keep an eye out for #AbsolutNights",2015-04-30,2015-04-26
This special little number is our tasty tribute to diversity and equality. And it's delicious…,2015-05-02,2015-04-26
2nd day of #AbsolutNights @TMLBrasil. Let's go!,2015-05-02,2015-04-26
When #absolutnights take over @TMLBrasil with a parade of nightlife creatures,2015-05-03,2015-05-03
A cocktail in a bag? ABSOLUT PUNCH BAG:  #Absolutoriginality,2013-10-29,2013-10-27
"RT @ABSOLUTvodka_US: Did you know that the track playing in our new #TransformToday TV spot is @Woodkid's ""Ghost Lights”? Learn more here: …",2013-10-29,2013-10-27
"All of you lucky ones who have already gotten hold of the new #Absolutoriginality, which number did you get?",2013-10-31,2013-10-27
Be original and use icicles instead of ice in your cocktail!  #Absolutoriginality,2013-11-02,2013-10-27
"Woodkid says that ""Culture is a constant revolution"" follow his logic in this interactive piece #transformtoday",2013-11-06,2013-11-03
If someone says it's impossible I'm definitely going to do it - @Yiqing Yin #Transformtoday #Absolut,2013-11-07,2013-11-03
Did you learn how to put up wallpaper or tie a tie with Youtube? Visit Absolutdrinks on YT to learn how to mix drinks,2013-11-08,2013-11-03
"You know what they say about peaches and raspberries, right? A match made in heaven: Absolut Apeach Melba! #Absolut",2013-11-09,2013-11-03
"A fashion designer, a digital artist, a graphic novelist and a multi talent musician/director/illustrator #Absolut",2013-11-12,2013-11-10
Which of our 4 current collaborators inspires you the most? #Absolut #TransformToday,2013-11-14,2013-11-10
Will the Sparkle and Spirit collide tonight? #Absolut #Tune,2013-11-15,2013-11-10
"If there's an occasion there's also a drink. Here's BINGO, The drink  #absolut #drinks #Bingo",2013-11-16,2013-11-10
Get inspired to create and then liberated to celebrate #Absolut #Transformtoday,2013-11-19,2013-11-17
Create something larger than the some of it's parts - @Aaron Koblin #Absolut #Transformtoday,2013-11-22,2013-11-17
"RT @krystalsimpson: check out my @TheGaloreMag @ABSOLUTvodka_US interview, shot at my place ???",2013-11-22,2013-11-17
Difficult to pronounce- easy to make. Cheers to the Waldzauber and the Saturday! #Absolut #Drinks,2013-11-23,2013-11-17
The interface is the new media - @Aaron Koblin #Absolut #Transformtoday,2013-11-27,2013-11-24
#Tune Cooks and #cocktails with Sarah McSweeney  #Absolut,2013-11-28,2013-11-24
This is an informal proposal to make fridays recycling day. We've already got started.  #drinks #recycling #friday,2013-11-29,2013-11-24
@andrade_karloz this is not a real product by Absolut,2013-11-30,2013-11-24
It's called an Absolut Jasmine Cooler. #nofilter #Absolut,2013-11-30,2013-11-24
The first ever graduate program by the most creative spirits brand in the world. Application are welcome 15/01/14,2013-12-02,2013-12-01
Know one Collins and you know them all…  #Absolut #Drinks,2013-12-03,2013-12-01
Kicking it back with Ry Rocklen  #Absolut #ArtBasel,2013-12-03,2013-12-01
Absolut Art Bar joins the favorite winter meeting place for the international art world.  #Absolut #ArtBasel,2013-12-04,2013-12-01
"Check out images and footage from the first night at the Night Court art bar by Ry Rocklen, at Art Basel Miami Beach.",2013-12-04,2013-12-01
@MykkiBlanco Thanks for yesterday! Check out some images here from the performance:,2013-12-04,2013-12-01
Have a taste of Art Basel Miami at home with our specially mixed #NightCourt cocktail recipes.,2013-12-04,2013-12-01
"RT @ArtBasel: Join the party at #NightCourt, the #Absolut Art Bar by Ry Rocklen. Clubbing, DJs + live music, 12.4-12.7 | 9pm-2am | Must be …",2013-12-05,2013-12-01
Tonight at the Night Court art bar:  #artbaselmiami #ArtBasel2013 #transformmiami,2013-12-05,2013-12-01
RT @arielxpink:,2013-12-05,2013-12-01
"""People say, you know, everything is fashion nowadays, well I think everything is furniture”.",2013-12-05,2013-12-01
RT @BlackBook: Ry Rocklen’s Absolut Art Bar Deserves A Trophy,2013-12-05,2013-12-01
Any idea of what B.C. stands for in bartender terms? Before Cranberry.. Make a Cosmo tonight,2013-12-06,2013-12-01
"Tuesday night at Night Court, an Absolut art bar by Ry Rocklen at Art Basel Miami Beach:",2013-12-06,2013-12-01
"Friday at Night Court, Art Basel Miami:",2013-12-07,2013-12-01
"If Absolut was a person, this is where that person would live.  #Absolut #Atelier",2013-12-08,2013-12-08
"Tonight: Le Baron pop-up at Night Court, Art Basel Miami Beach.  #artbaselmiami #lebaron",2013-12-08,2013-12-08
@YuungJaaKe Thanks for yesterday. Movie:,2013-12-09,2013-12-08
"“...I remembered the color blue, the blue of the sky in Nice that was at the origin of my career as a....”  #Absolut",2013-12-12,2013-12-08
This is our recipe Egg-nog recipe  #Absolut #Drinks,2013-12-15,2013-12-15
Buying art for X-mas?  #Absolut,2013-12-17,2013-12-15
@briansolis @Pernod_Ricard Great having you here Brian! Let's go for a drink at the Absolut bar.,2013-12-18,2013-12-15
"""Repurpose things into something new"" @aaronkoblin #Absolut #TransformToday",2013-12-19,2013-12-15
Absolut Peppar the first flavored vodka in the world. So why pepper?  #Absolut #Drinks,2013-12-20,2013-12-15
"Egg-nog, Glögg, Glüewein, Coco, Snaps...  what is ""the"" Christmas drink for you?",2013-12-21,2013-12-15
"... is at the heart of creativity, invention, construction, exploration and of our own individual lives as well.",2013-12-22,2013-12-22
What happens when you add a drop of cobalt into molten glass? Magic.  #Absolut #Originality,2013-12-23,2013-12-22
Merry Christmas to those who celebrate on the 24th!,2013-12-24,2013-12-22
Did you get what you wanted for Christmas this year?,2013-12-25,2013-12-22
Planning to have cocktails in a couple of days? Don't forget ice!,2013-12-27,2013-12-22
The surf and turf of drinks. Meet the Champagne Cosmo.   #Absolut #Drinks,2013-12-28,2013-12-22
"Simple syrup is a key ingredient, and it’s just as the name implies: simple to make.  #Absolut #Drinks",2013-12-29,2013-12-29
"Name the 5 things you need to make an Absolut Cranberry. If you don't know, watch Jimmy.",2014-01-03,2013-12-29
Where was the Cosmopolitan first made? When and what were the ingredients? #Absolut #Drinks,2014-01-04,2013-12-29
Three minutes with @IconaPop,2014-01-05,2014-01-05
"Few know of it, however, this movement might be the most raw form of self-expression today.",2014-01-07,2014-01-05
"RT @ABSOLUTvodka_US: It's just a walk in the park, only underground. Discover the latest NYC project, @lowlinenyc:",2014-01-07,2014-01-05
"Inside tips from behind the bar: Dry Shake, Rimming a glass and muddling. Learn how #Drinks",2014-01-08,2014-01-05
"@FredrickBond Sorry it's no longer in production and out for about 2yrs. Some online stores might still have it. Google ""Buy Absolut Miami""",2014-01-09,2014-01-05
"Absolut Mandrin was the 4th flavour to be launched by Absolut. Can you name flavour 1,2 and 3? #Drinks #Absolut",2014-01-09,2014-01-05
"When you find yourself surrounded by basil...mudlle, shake, strain and garnish. #Drinks #Absolut",2014-01-10,2014-01-05
What drink is famously served in a copper mug?,2014-01-11,2014-01-05
How hard is it to make simple syrup?,2014-01-14,2014-01-12
We welcome applicants to The Graduate Program by Absolut. Follow the link to apply.,2014-01-15,2014-01-12
What is it that makes Icona Pop,2014-01-16,2014-01-12
How to: Absolut Pear Drop,2014-01-17,2014-01-12
"Cappuccino, Latte, Americano or Espresso Martini?",2014-01-18,2014-01-12
Rafael_Grampa is back. Don’t miss your chance to co-create a film with him on,2014-01-20,2014-01-19
Get ready to co-create an animated film with graphic novel creator @Rafael_Grampa. Stay tuned. #NextFrame,2014-01-21,2014-01-19
Co-create a film with @Rafael_Grampa?. Watch the film and get involved. #Nextframe,2014-01-22,2014-01-19
"Vincent Black, the hero of #NextFrame, a film by @Rafael_Grampa &amp; you. Create the story on",2014-01-23,2014-01-19
Vincent Black's cocktail is dark &amp; mysterious. What should we call it?,2014-01-24,2014-01-19
Co-create #NextFrame with graphic novel creator @Rafael_Grampa. Coming soon,2014-01-25,2014-01-19
Have you got what it takes to see your ideas transformed into film? Coming soon.,2014-01-26,2014-01-26
Inspire graphic novel creator @Rafael _Grampa share your animation ideas soon on,2014-01-27,2014-01-26
"Star alongside  @Rafael_Grampa. Co- create #NextFrame, a new animated film coming soon.",2014-01-28,2014-01-26
@Rafael_Grampa will transform the best ideas into an animated film. Join on 03 Feb,2014-01-31,2014-01-26
"What should we call our new cocktail? It’s bittersweet, full of surprises and based on Madaleana Proud in #NextFrame",2014-01-31,2014-01-26
Vincent Black sees a world based on your ideas. Get creative &amp; co-create an animated film. Starting Monday #NextFrame,2014-02-01,2014-01-26
Visit,2014-02-02,2014-02-02
#NEXTFRAME Scene 1 is live. Click through the images and submit your ideas on,2014-02-03,2014-02-02
#NEXTFRAME Scene 2 is live. Click through the images and submit your ideas for Vincent's Tattoo on,2014-02-06,2014-02-02
Cheers to everyone 1p Love 1p Diversity 1p Human rights 1p Equality 1p Social progress 1p Liberation with ice.,2014-02-07,2014-02-02
Absolut Vodka at New York Fashion Week F/W 2014. Follow it live here:,2014-02-08,2014-02-02
"Absolut Elyx has a new muse, and its easy to see why she's the one. @cgainsbourg shot by @Johan_Lindeberg.",2014-02-08,2014-02-02
@TommySaleh Check out the images from the #NyNYParty  #NYCult #NYFW,2014-02-08,2014-02-02
RT @TheGaloreMag: One of our DJs for tonights party @JasmineSolano Talks Music Tastes and Staying Healthy,2014-02-11,2014-02-09
RT @JasmineSolano: I sat down with @TheGaloreMag to talk music taste + staying healthy! Read about it here:,2014-02-11,2014-02-09
#NEXTFRAME - Scene 4 - What does the demon look like? Co-create on,2014-02-12,2014-02-09
"Hi, @SoCocktail yeah sure - info@absolut.com",2014-02-19,2014-02-16
@SoCocktail this is the global account and email but reach out to @ABSOLUTUK  for UK team.,2014-02-19,2014-02-16
Hi @nataliedewar yes it is. It's being updated slightly and will be up and running ASAP.,2014-02-21,2014-02-16
"RT @igama: @absolutvodka I'm trying the Absolut Elyx edition, absolutely great!",2014-03-02,2014-03-02
"Absolut Vendetta cocktail. It’s dark, mysterious and packs a punch. Inspired by Vincent Black and named by our fans.",2014-03-05,2014-03-02
RT @ignantblog: @absolutvodka teamed up with the graphic novel artist Rafael Grampá. We met Rafael at MADE SPACE in Berlin...,2014-03-13,2014-03-09
"The moment of truth,@Rafael_Grampa is at the #NEXTFRAME event. Showing the animation you created.Live here on Sunday!",2014-03-14,2014-03-09
RT @Rafael_Grampa: TONIGHT!! Premiere of my short film DARK NOIR in Berlin at MADE Space. #nextframe redknucklesstudio…,2014-03-14,2014-03-09
RT @ABSOLUTvodka_US: Join us for the #NextFrame film premiere? Step out of the shadows &amp; see Vincent Black's story.,2014-03-14,2014-03-09
#Berlin is getting ready for the premiere of #NEXTFRAME,2014-03-14,2014-03-09
RT @Vemedy: Absolut Brings 2D To Life With #Artist Rafael Grampá’s #NextFrame Collaboration,2014-03-14,2014-03-09
"Here are the #drinks based on the characters from #nextframe, which one is your favorite? #absolutvodka #absolut",2014-03-14,2014-03-09
RT @LisforLOIS: All black errthang at Absolut #nextframe premier party. Music here is awesome and the movie premiered was pretty...,2014-03-14,2014-03-09
RT @_ExecutiveGroup: Graphic reality: Rafael Grampa's art comes to life in his collaboration with @AbsolutVodka,2014-03-14,2014-03-09
"@rydercup_birdie Yes, there's one more party tonight, hope you'll enjoy it if you go!",2014-03-15,2014-03-09
RT @JelenaKarakas: Drink up! #absolut #nextframe,2014-03-15,2014-03-09
"Here it is! The final co-created animated film by @Rafael_Grampa and #Absolut Facebook fans worldwide, #NEXTFRAME",2014-03-16,2014-03-16
"@niceboys Thanks for joining, hope you had a great time!",2014-03-17,2014-03-16
RT @Rafael_Grampa: My short animated film 'DARK NOIR' is ONLINE!,2014-03-17,2014-03-16
#Nextframe interview with @Rafael_Grampá,2014-03-17,2014-03-16
RT @TYPEINDICATION: VIDEO — Well worth a watch. #DarkNoir #animation,2014-03-19,2014-03-16
What do you mix Absolut Mandrin with?,2014-03-21,2014-03-16
"Absolut and MTV are creating the ""Transform Today Award” to recognise emerging creative talents in Africa",2014-03-24,2014-03-23
#WorldsMostTalkedAboutCouple,2014-03-25,2014-03-23
The #NEXTFRAME crowdsourced animation got on to the Vimeo Staff Picks!,2014-03-26,2014-03-23
@DarshaunMcAway it's a little tricky due to IP and such but shoot us an email on info@absolut.com and we'll take it from there.,2014-03-26,2014-03-23
RT @PearsonAPI: Eva Sjokvist from @absolutvodka demoing the amazingly slick cocktail video generator... So tech!,2014-03-28,2014-03-23
Tea time? #Absolut,2014-04-02,2014-03-30
Wildest of all bartender techniques - the shake. #Absolut,2014-04-03,2014-03-30
@billyburgess @bonmagazine See you there!,2014-04-04,2014-03-30
Absolut Walk on The Wild Side #Absolut #drinks,2014-04-04,2014-03-30
Happy hour isn't a time frame - it's a mind set #Absolut,2014-04-05,2014-03-30
"With how-to-mix videos, new cocktail collections and over 750 drink recipes you’re never short of inspiration.",2014-04-07,2014-04-06
Festival season is about to kick off. Are you looking forward to it? #Absolut,2014-04-09,2014-04-06
Classic festival cocktail #Absolut #Drinks,2014-04-11,2014-04-06
Beautiful light-writing photo booth at the #absolutlittlesun #artbar at #coachella,2014-04-12,2014-04-06
#Absolut is shining a light on a great cause at #Coachella with the #AbsolutLittleSun #ArtBar,2014-04-12,2014-04-06
One of our favorite shots from the first day of #Coachella. Day 2 only a few hours away! #absolut #absolutlittlesun,2014-04-12,2014-04-06
"The #AbsolutLittleSun #ArtBar has opened for the day, if you're here at #Coachella, come say hi and have a drink.",2014-04-12,2014-04-06
Looking at #Coachella from above is truly inspiring. There's so much #love for #art and #music. #Absolut,2014-04-13,2014-04-13
How do you get creative with your #festival #fashion? #Coachella #Absolut,2014-04-13,2014-04-13
"When night falls, the wild things come out. #Absolut #Coachella",2014-04-13,2014-04-13
"The sun is coming down on the first weekend of #Coachella, but we're not done yet! #Absolut",2014-04-14,2014-04-13
"If Absolut Berri Acai was a song or a type of music, what would it be? #Absolut",2014-04-16,2014-04-13
Congratulations to the Transform Today Award nominee @letiarts. See you at the #MTVMAMA in June. @MTVbaseAfrica,2014-04-17,2014-04-13
Congratulations to the Transform Today Award nominee @RastyKnayles. See you at the #MTVMAMA in June. @MTVbaseAfrica,2014-04-17,2014-04-13
Congratulations to the Transform Today Award nominee @AnisaMpungwe. See you at the #MTVMAMA in June. @MTVbaseAfrica,2014-04-17,2014-04-13
Congratulations to the Transform Today Award nominee Clarence Peters. See you at the #MTVMAMA in June. @MTVbaseAfrica,2014-04-17,2014-04-13
Celebrating art and music with signature cocktails for a Little Sun #ArtBar at #Coachella.,2014-04-18,2014-04-13
"We think #Coachella is not simply two weekends, it is a lifestyle, it is a state of mind. #Absolut",2014-04-20,2014-04-20
We came to #Coachella with the Little Sun Art Bar by Olafur Eliasson @LittleSun,2014-04-22,2014-04-20
We need your help! Vote for our Drinks in Motion project at The Webby Awards!,2014-04-22,2014-04-20
Artist Olafur Eliasson and Absolut deliver imaginative Little Sun Art Bar to the world of @coachella #Coachella2014,2014-04-22,2014-04-20
Absolut Hibiskus - The Spring Spirit #Absolut #Spring,2014-04-23,2014-04-20
RT @great_works: Yay! A @TheWebbyAwards for Drinks in Motion. Check it out:   @absolutvodka,2014-04-29,2014-04-27
It's May day therefore we recommend a Mayday Martini #Absolut #AbsolutDrinks #MayDay,2014-05-01,2014-04-27
#Absolut #AbsolutDrinks #Summer,2014-05-02,2014-04-27
Absolut Cilantro - the taste of Cinco de Mayo. #Absolut #AbsolutDirnks #CincoDeMayo,2014-05-05,2014-05-04
Hi @ExposingNYC you can reach out to our team in London at @ABSOLUTUK,2014-05-07,2014-05-04
Absolut Art Bar 2014: “Apocalypse Postponed” by Nadim Abbas,2014-05-08,2014-05-04
Off to Berlin. See you on the 15th #Absolut #AbsolutBerlin,2014-05-12,2014-05-11
@MarkThia has bunker fever at the #Absolut #ArtBar at #ArtBasel in #Honkong,2014-05-14,2014-05-11
"RT @wfnitschke: Great installation by #NadimAbbas @absolutvodka  #ApocalypsePostponed, #ABHK2014",2014-05-14,2014-05-11
@thewanderlister @ArtBasel How did you like the blood bag drinks?,2014-05-14,2014-05-11
@ArtBasel The Cocktail collection by Nadim Abbas is bloody amazing. #ArtBar #ArtBasel #HongKong,2014-05-14,2014-05-11
@AudemarsPiguet It's Apocalyptic...,2014-05-15,2014-05-11
"""There is something really interesting happening on this stage right now"".What's next? #Absolut #NadimAbbas @ArtBasel",2014-05-16,2014-05-11
Hi @MsTiaRoberts! The best way is to contact our team in your country. Please let us know where you are writing from.,2014-05-20,2014-05-18
"#Mixing tip 1: To avoid a surprise at the end., be sure to stir well to blend all the ingredients. #Absolut #drinks",2014-06-06,2014-06-01
RT @MTVbaseAfrica: Congrats to Clarence Peters on taking the Transform Today award @AbsolutSA #AbsolutMTV #MTVMAMA,2014-06-10,2014-06-08
"Tip #2: No one wants raspberry seeds in their teeth. When using berries in a drink, strain out all the solids.",2014-06-13,2014-06-08
RT @billyburgess: @absolutvodka - almost done.  film out at the end of the month,2014-06-15,2014-06-15
Tip #3: Use the double shaker method for making cocktails twice as fast. #drinks #Absolut,2014-06-20,2014-06-15
"Tip #4: Flashy is fun, but it’s best not to spill when showing off your pouring skills. #Absolut #Drinks",2014-06-27,2014-06-22
Make it and garnish with pride.  #Pride #pride2014 #Absolut,2014-06-29,2014-06-29
Tip #5: Don’t let melted ice water down the perfect cocktail: Strain after shaking or stirring. #Absolut #Drinks,2014-07-04,2014-06-29
The first @absolutvodka #TransformToday award winner - Clarence Peters featured in @GQMagazine,2014-07-14,2014-07-13
@pierrecote We believe we all have to change to change the world. We want to be the spark that makes people want to,2014-07-16,2014-07-13
Drink mixing Tip #6: Precision is important to getting the right balance of flavors. #Absolut #Drinks,2014-07-18,2014-07-13
Hi @ABSOLUTvodka_US! Could you please help @brittai927 find Absolut Texas Edition in NY/CT?,2014-07-21,2014-07-20
RT @theGoldenBun: WELCOME to the Absolut Villa!  Some impressions from yesterday's event! Can't wait for tonight's…,2014-07-23,2014-07-20
"Cheers to @junk_f for great imagery and story of #AbsolutMunich, our local event in #Munich within #TransformToday:",2014-07-23,2014-07-20
Hi @djmezzomix. Munich by Absolut is the first of a series of global events with a local focus. Please read more here,2014-07-23,2014-07-20
@LFJLoftus @innocentdrinks Maybe then we could have a toast to this Friday with Absolut Elderflower Fizz? Cheers!,2014-07-25,2014-07-20
"@LFJLoftus @innocentdrinks It is Absolut Vodka, elderflower cordial and apple juice. Garnished with orange zest, served in a highball glass",2014-07-25,2014-07-20
@PointBreakNY we also remember that. Wasn't it in 1986 when Absolut Peppar was introduced to the world? Cheers!,2014-07-28,2014-07-27
@tulsi_ramesh have a great night!,2014-07-31,2014-07-27
Happy Birthday Andy Warhol! You're always a great source of inspiration for us @TheWarholMuseum,2014-08-06,2014-08-03
"RT @TheWarholMuseum: On this day in 1928, Andy Warhol was born. Image: (c)AWF -",2014-08-06,2014-08-03
"Isn't life just swell? Take a look at #AndyWarhol, sipping on a cocktail. Could it be an #AbsolutVodka #Martini? #TBT",2014-08-07,2014-08-03
@CPHFW Cheers!,2014-08-08,2014-08-03
"To add depth of flavor to #Vodka #Cranberry cocktail, try using #AbsolutMandrin. Enjoy Responsibly. #AbsolutDrinks",2014-08-08,2014-08-03
@followfaulkner nice collection :) Do you think that Absolut Cherrykran could suit? Check it out here,2014-08-11,2014-08-10
@ArdaghGlass @threadless @rossbruggink we made Absolut Chicago come to life to celebrate the great energy of the fantastic city. Cheers!,2014-08-12,2014-08-10
@packagingdiva the board is amazing! Proud and glad to see that our packaging has been inspiration for you.Cheers to all our collaborators!,2014-08-12,2014-08-10
@jaanwarr thanks for sharing your art work. we would love to hear the concept,2014-08-12,2014-08-10
@ArdaghGlass @PackNews this is amazing news! Now we're thrilled.,2014-08-12,2014-08-10
@Sannevha @elzajo @SidLee the level of anticipation is so high!,2014-08-13,2014-08-10
@DunesIbiza A toast to cool nights with great friends! Enjoy Responsibly.,2014-08-13,2014-08-10
@jaanwarr Exciting! Thanks for sharing it. Cheers.,2014-08-14,2014-08-10
"Note to self: Color Marylin, produce 100 Brillo boxes, buy soup cans. But first, let me take a #selfie #AbsolutWarhol",2014-08-14,2014-08-10
@jaanwarr sounds very interesting. hope he is viewed as a positive character :),2014-08-14,2014-08-10
@dirtyherz @SidLee already so much excited here in Sthlm,2014-08-14,2014-08-10
#AbsolutApple with #Apple juice. Sometimes it's just that easy. Have a great #Friday. #AbsolutDrinks #Absolut,2014-08-15,2014-08-10
@Rebecca_anne_m @Sub13Bar @TweetUpBath @SoCocktail looks delicious,2014-08-19,2014-08-17
@Q_online please message our team in The Netherlands on,2014-08-19,2014-08-17
@Grain_Bar @Okanaganspirits Here's the ingredient from our end. Cheers!,2014-08-20,2014-08-17
"What do you think would have been Andy's favourite #Instagram filter? Lo-Fi, Willow, Toaster or Sutro? #AbsolutWarhol",2014-08-21,2014-08-17
@AbsolutCanada where could @MySecretShame purchase Absolut 100 in Toronto? Cheers!,2014-08-21,2014-08-17
RT @mprattdesign: New post: ABSOLUT BLANK: iPhone app – Video,2011-09-23,2011-09-18
Check out the  ABSOLUT MODE  campaign video at,2011-09-26,2011-09-25
ABSOLUT BLANK pays homage to the  creative process before the finished piece . Check out,2011-09-27,2011-09-25
Design your own masterpiece for ABSOLUT BLANK. Download the app at,2011-09-28,2011-09-25
Check out ABSOLUT BLANK and follow the creative process of an artwork coming to life at,2011-09-30,2011-09-25
Check out behind the scenes material for ABSOLUT BLANK at,2011-10-03,2011-10-02
RT @peterkam: The Absolut Blank app on Trendhunter:,2011-10-07,2011-10-02
ABSOLUT MODE EDITION — Create your own look at www.absolut.com/mode and compete for the top spot.,2011-10-07,2011-10-02
RT @ABSOLUTUK: ABSOLUT MODE EDITION — Create your own look at www.absolut.com/mode #ABSOLUTMODE,2011-10-11,2011-10-09
RT @Pixelcock: It all starts with an Absolut blank llego a @Pixel_latam,2011-10-12,2011-10-09
@laneyb00 a terrific way to enjoy ABSOLUT MANGO. Easy does it.,2011-10-13,2011-10-09
How fashion conscious are you? Show your skills at,2011-10-13,2011-10-09
ABSOLUT 365 Days is a new way for us to share what happens in the art world – with ABSOLUT as a creative visionary and collaborator.,2011-10-19,2011-10-16
@NudeEspresso thank you!,2011-10-19,2011-10-16
Read more:,2011-10-19,2011-10-16
RT @marcomoiso:,2011-10-19,2011-10-16
Have you seen the limited edition bottle that Huffer produced for the All Blacks (the Kiwis). Check it out,2011-10-20,2011-10-16
"@absolutvodka If you were stuck indefinitely, all alone on remote island what would be your cocktail or drink of choice?",2011-10-21,2011-10-16
@6167prng Good choice! Simple yet refreshing,2011-10-22,2011-10-16
Need suggestions for drink? Ask our friends @absolutdrinks. They have thousands of recipes.,2011-10-24,2011-10-23
RT @martom27: ABSOLUT X Gareth Pugh: ABSOLUT Mode Edition (Luxury Insider),2011-10-25,2011-10-23
"@niCoLEiSsOcrAZY Sounds great, we say go for it. But we're not going to sponsor a potential competitor ;)",2011-10-26,2011-10-23
RT @Kirk112: Gareth Pugh Collaborates For ABSOLUT MODE Edition: The vodka brand is collaborating with the English fashion des...,2011-10-26,2011-10-23
@absolutvodka wishes all ABSOLUT PEOPLE an ABSOLUT DAY!,2011-10-26,2011-10-23
thanks @david_landis @nytimes! We don't believe in labels but until that's commonplace will continue supporting #LGBT,2011-10-28,2011-10-23
RT @cvigliano: Gareth Pugh for Absolut vodka: Gareth Pugh has collaborated with Absolut Vodka to create a stunning work of desi...,2011-11-02,2011-10-30
Fill your own blank and create your masterpiece for ABSOLUT BLANK. Download the iPhone app at bit.ly/qwogIR,2011-11-05,2011-10-30
RT @viacomit: Absolut Vodka by Gareth Pugh,2011-11-09,2011-11-06
RT @josue_cky2k:  Lovely! How was it?,2011-11-09,2011-11-06
RT @nataliebcoleman: Absolut Mode,2011-11-10,2011-11-06
@Dough_Decency  Glad to hear it!  What's your favorite drink with ABSOLUT RASPBERRI?,2011-11-10,2011-11-06
@Dough_Decency  Easy and very refreshing! Also great with Ginger ale and lime juice. Ask @Absolutdrinks if you ever want any suggestions.,2011-11-10,2011-11-06
"One community, one, distillery, one source.  ABSOLUT QUALITY",2011-11-11,2011-11-06
It takes courage to survive Swedish winters. Especially outdoors.,2011-11-14,2011-11-13
Stare at the ABSOLUT bottle for thirty minutes. We do.,2011-11-15,2011-11-13
We never stop distilling. Just to be clear.,2011-11-16,2011-11-13
@edwoop What's your favorite drink with ABSOLUT WATKINS?,2011-11-16,2011-11-13
@dj_mb Regular Kahlúa!,2011-11-18,2011-11-13
@dj_mb Have you tried Absolut Mandarin with Kahlúa? = a great #BlackRussian.,2011-11-18,2011-11-13
You know what day it is! What's your flavour for the day/afternoon/evening/night?,2011-11-18,2011-11-13
RT @matt_pomeroy: Absolut tasting for 200 in the Philippines ! The vodka thriller in manila !,2011-11-21,2011-11-20
iOS Gems: Absolut Drinkspiration Apps + Speakeasy Cocktails: Learn From The Modern Mixologists | iLounge Article:,2011-11-25,2011-11-20
"Before we fill bottles with ABSOLUT VODKA, we fill them with...ABSOLUT VODKA.",2011-11-29,2011-11-27
@andresewell91 Agreed!,2011-11-30,2011-11-27
#didyouknow that the female character on ABSOLUT WATKINS is called Claudette? Any suggestions for the male?,2011-12-01,2011-11-27
RT @senatusnet: Loving Absolut Vodka's latest ad campaign!,2011-12-01,2011-11-27
@lysfred  Yes?,2011-12-06,2011-12-04
Create your own piece of fashion on,2011-12-09,2011-12-04
www.absolutdrinks.com,2011-12-13,2011-12-11
@PouletMagic if you have an iPhone download the ABSOLUT BLANK app,2011-12-14,2011-12-11
Cheers @PouletMagic. Which one was it that you saw?,2011-12-14,2011-12-11
We are nominated in the fashion category by Pixel Awards! Check out,2011-12-20,2011-12-18
@bumpaethio take the best tasting one!,2011-12-20,2011-12-18
We remember some truly great moments from 2011 but from the 1st of Jan 2012 is all starts over with...,2011-12-30,2011-12-25
@Dumssss  ;),2011-12-30,2011-12-25
,2012-01-10,2012-01-08
ABSOLUT Quality - Distillation:,2012-01-17,2012-01-15
RT @Pararoi: ??????? absolut vodka,2012-01-18,2012-01-15
We have finally got an ABSOLUT Global Facebook page. Check it out,2012-01-19,2012-01-15
The ABSOLUT bottle design is based on an 18th century Swedish apothecary bottle and is produced in the same factory as the original bottles!,2012-01-19,2012-01-15
RT @francyvi: Absolut Blank 2,2012-01-19,2012-01-15
@francyvi that's great. Any favourites?,2012-01-20,2012-01-15
@francyvi Good choice. Have you noticed the titles of the iconic books which the bottle is built of?,2012-01-20,2012-01-15
RT @francyvi: @absolutvodka The Absolut Wall in #Milan is pretty awesome too!,2012-01-22,2012-01-22
What is quality to you? Download our app @,2012-01-31,2012-01-29
ABSOLUT LONDON is here,2012-02-09,2012-02-05
"#Valentines day = A romantic evening, a night out or perhaps a loving relationship between you and an exceptional cocktail? Or maybe all 3",2012-02-14,2012-02-12
RT @JeanTireau: @Absolutvodka + @Gorillaz = =),2012-02-16,2012-02-12
We are about to announce our latest artist collaboration. Any idea who it might be? #topsecret,2012-03-07,2012-03-04
We have created something new - a virtual fusion of drinks and music together with Swedish House Mafia.,2012-03-09,2012-03-04
@SebIngrosso_Fan,2012-03-10,2012-03-04
@SebIngrosso_Fan,2012-03-10,2012-03-04
Swedish House Mafia - Greyhound - NMETV -,2012-03-12,2012-03-11
What do ABSOLUT and #Swedishhousemaffia #SHM have in common?  We both love,2012-03-14,2012-03-11
,2012-03-14,2012-03-11
Let's present Swedish House Mafia – GREYHOUND. See the video. Mix the drink. And remix the track.,2012-03-27,2012-03-25
"RT @ABSOLUTCanada: The perfect serving temperature for ABSOLUT® is 5°-8° C. You can store it in the freezer, but the colder it is, the m ...",2012-04-11,2012-04-08
@linaborjesson We are always on the lookout for new talents. Are you looking?,2012-04-26,2012-04-22
RT @MsLagerfelt: Wonderful opening at #spritmuseum of Face it! The Absolute Art collection- jätteroligt! @absolutvodka #GossipGirl,2012-06-01,2012-05-27
#didyouknow that Andy Warhol said he enjoyed the scent of ABSOLUT so much he would like to wear it for a perfume?,2012-06-10,2012-06-10
Little Dragon intrpret what ABSOLUT PUNCH sounds like. The result is #Sunshine  get it @,2012-07-04,2012-07-01
Little Dragon and the song Sunshine are currently in a poll @,2012-07-05,2012-07-01
Check out our favorite Brooklyn visionary &amp; collaborator on ABSOLUT Brooklyn @SpikeLee new film called Red Hook Summer.,2012-07-24,2012-07-22
"Hi @Patontheroad, ABSOLUT NEW ORLEANS was a limited edition and there aren't currently any plans to relaunch. What did you like about it?",2012-07-26,2012-07-22
A unique limited edition,2012-08-27,2012-08-26
One of a kind. Millions of expressions,2012-09-03,2012-09-02
The new #Drinkspiration iPhone app is a world-class #bartender in your pocket. Download now.,2012-10-25,2012-10-21
"Download the Drinkspiration app, a world-class bartender in your pocket",2012-11-26,2012-11-25
"If life gives you lemons you make lemonade. We give you ABSOLUT CITRON, what would you make?",2012-11-29,2012-11-25
"The greatest fusion of art, music, and taste has arrived: ABSOLUT X. Check it out at:",2012-12-03,2012-12-02
Ever heard of Absolut Art Bureau? Want to? Sign up to our art newsletter at,2012-12-04,2012-12-02
Like Holiday sweets? Put candy in your cocktail and try the Chocolate Masked Martini,2012-12-05,2012-12-02
"Today Art Basel, the most prestigious art show in the Americas, kicks off in Miami. Who's going?",2012-12-06,2012-12-02
Mettez vos mains en l'air! Tonight #SHM gives a concert in #Paris. Get in the mood with #Greyhound:,2012-12-08,2012-12-02
Have you checked out our Limited Edition ABSOLUT EXPOSURE that will be released in January?,2012-12-10,2012-12-09
Lars Olson Smith began making vodka in the late eighteen hundreds and is the handsome man on all ABSOLUT VODKA bottles.,2012-12-11,2012-12-09
13 days left and counting. Ginger and apple cocktails make us long for the Holidays even more;,2012-12-12,2012-12-09
Who is Lydia Hearst and which one of the ABSOLUT EXPOSURE bottles do you like best?,2012-12-13,2012-12-09
Get in a exotic Christmas mood with our ABSOLUT Cinnamango Sour,2012-12-14,2012-12-09
Christmas is here in just a few days! Which of our flavours will you indulge in during the festivities?,2012-12-17,2012-12-16
Started cracking the Holiday nuts? What cocktail could go better with them than a Burnt Toasted Almond Cocktail,2012-12-19,2012-12-16
Get inspiration for your Holiday cocktails with our Drinkspiration-app,2012-12-24,2012-12-23
Wishing all our friends and followers an Absolut Christmas.,2012-12-25,2012-12-23
"Got pictures from ""One Last Tour""? Share on Instagram using #absoluttribute to get published!",2012-12-26,2012-12-23
A good day for a Virgin Mary?,2013-01-01,2012-12-30
Check out the trend report Most Contagious 2012 where our ABSOLUT UNIQUE was featured:,2013-01-03,2012-12-30
Wondering what to do with your leftover champagne from New Years? One of our champagne cocktails will do it justice,2013-01-04,2012-12-30
Every drop of ABSOLUT VODKA in the world comes from the same village in Sweden called Åhus.,2013-01-08,2013-01-06
ABSOLUT VANILIA with notes of butterscotch and hints of dark chocolate. Yum! #Vanilla #absolut,2013-01-10,2013-01-06
"""Kingston Buck"", a beautiful cocktail made with our new ABSOLUT HIBISKUS",2013-01-11,2013-01-06
"Invented some hundred years ago, the Alexander cocktail is a true classic. Try it with ABSOLUT VANILIA",2013-01-12,2013-01-06
This ad tells us that ABSOLUT is the beginning of the perfect festive social occasions. You agree?,2013-01-15,2013-01-13
"Super with super berries. Açaí, blueberries, and pomegranate. We love ABSOLUT BERRI AÇAÍ!",2013-01-16,2013-01-13
Now you can watch our own bartender mix up Flor de ABSOLUT!,2013-01-19,2013-01-13
Were you in Mumbai watching Swedish House Mafia last night? Share your photos on Instagram at #absoluttribute,2013-01-24,2013-01-20
"Limited edition made for Poland. Of all the ones we've released, which one is your favourite?",2013-01-24,2013-01-20
"Here is a little treat for all our music loving fans: ABSOLUT PUNSCH by Little Dragon, exclusively for ABSOLUT",2013-01-29,2013-01-27
ABSOLUT KURANT is  a tribute to the brand’s Swedish roots. #absolut #currant,2013-01-31,2013-01-27
A tad nippy outside? Here's our best advise on how to keep the cold at bay. We proudly present the APEACH TODDY,2013-02-01,2013-01-27
"Monday is a great day for a cocktail, but maybe one that's not so strong, eh? Download Drinkspiration for inspiration!",2013-02-04,2013-02-03
Good morning ABSOLUT PUNSCH by Little Dragon:,2013-02-05,2013-02-03
Did you know that the #ABSOLUT bottle is in fact a replica of an old medicine bottle?,2013-02-06,2013-02-03
"You still have the chance to see @swedishousemfia in North America, check out:",2013-02-07,2013-02-03
Our new Limited Edition created for bartenders is here; #ABSOLUT CRAFT.,2013-02-08,2013-02-03
RT @absolutdrinks: Drinkspiration for iPhone is a world-class bartender in your pocket. View the demo film now.,2013-02-09,2013-02-03
ABSOLUT GREYHOUND 15sec version:,2013-02-11,2013-02-10
ABSOLUT Greyhound 15sec version:,2013-02-11,2013-02-10
GH 15sec v2:,2013-02-11,2013-02-10
A treat - ABSOLUT CAIPIROSKA,2013-02-12,2013-02-10
RT @swedishousemfia: Black Tie Rave. This Thursday 10am EST. Your last chance to get suited &amp; booted for a very good cause,2013-02-13,2013-02-10
ABSOLUT Greyhound 15sec version:,2013-02-14,2013-02-10
"Become a bartending pro today, check out the Absolut tips and tricks:",2013-02-20,2013-02-17
We've forgotten who Maarten is but we still remember his darn good Martinis:,2013-02-22,2013-02-17
RT @FernandaRamOra: #Love @AbsolutVodka !!!!  Swedish House Mafia - Greyhound:,2013-02-22,2013-02-17
Lydia Hearst is beautifully printed on the ABSOLUT EXPOSURE bottles! Get your copy in the nearest travel retail!,2013-02-27,2013-02-24
The key to the perfect party? ICE.  At ABSOLUT we're crazy about that frozen water and even have our own ice-school:,2013-02-28,2013-02-24
"Mixologist Andres Basile Leon and chef Marco Baudone have created cocktails and hors d’oeuvres for us,check them out:",2013-03-01,2013-02-24
ABSOLUT DENIM:,2013-03-03,2013-03-03
North Side Double Stitch:,2013-03-03,2013-03-03
Vintage Cape Codder:,2013-03-03,2013-03-03
Slim Jim Salty Dog:,2013-03-03,2013-03-03
"Noticed that denim was the hottest trend on the runways this year? Here is #ABSOLUT DENIM, our newest Limited Edition",2013-03-12,2013-03-10
Shouldn't all cocktails look this delicious? This one is made with ABSOLUT CRAFT Herbaceous Lemon! #absolut #drinks,2013-03-15,2013-03-10
It's gettin' cold in here! Please welcome the new frosted design on our classic bottles! #absolut #classics,2013-03-20,2013-03-17
A dark cocktail for the dark hour. Cheers to the Earth everyone!  #absolut #darkness #cocktail #earthhour,2013-03-23,2013-03-17
The Mandarin language is spoken by 1 billion people. Can #ABSOLUT MANDRIN get more than 1 billion re-tweets? Come on!,2013-03-27,2013-03-24
Today's World Party Day (google it if you don't believe us). How will you celebrate? #absolut #worldpartyday,2013-04-03,2013-03-31
"#Spring is in the air, and we're celebrating with a Spring Leaf #Cocktail!",2013-05-03,2013-04-28
"We're celebrating #CannesFilmFestival with a bottle of our own bubbly, ABSOLUT TUNE, what about you? #ABSOLUT",2013-05-22,2013-05-19
Hi @sjwilson15 yes we love it when people get creative when recycling the bottles. Check this out,2013-06-26,2013-06-23
Thanks @hillzkuhn we like them to!,2013-08-16,2013-08-11
The rumours are true. We have given every bottle in our flavour range a new look. Which is your favourite? #Absolut,2013-08-19,2013-08-18
Today is the beginning of something new. See the 4 artist that lead the way of transformation. #TransformToday,2013-09-09,2013-09-08
We have teamed up with Yiqing Yin who has inspired us to change. Listen to her story. #TransformToday,2013-09-12,2013-09-08
@Iconapop sets the #tune with All Night for House Ballroom with Sparkle and Spirit. #Absolut #TransformToday,2013-09-12,2013-09-08
Here's a sneak peak of our recent collaboration with a duo of transformative artists.  #TransformToday #Absolut,2013-09-12,2013-09-08
Excitement is in the air. This is not a hackathon this is #LiquidData,2013-09-14,2013-09-08
Absolut Art Award is coming up! Find all the info about the award and the nominees at,2013-09-14,2013-09-08
Woodkid is a French multi-talent who constantly transforms. Get inspired by his story. #TransformToday #Absolut,2013-09-15,2013-09-15
RT @LiquidData2013: @protothon And now the anticipation and excitement in the room is hanging thick and palpable as virtual version stalaci…,2013-09-16,2013-09-15
"It's finally time for our Absolut Art Award! Follow the festivities, artists and art writers at",2013-09-19,2013-09-15
Together with some of the brightest tech-minds we did what Warhol would have done today. #liquiddata #transformtoday,2013-09-20,2013-09-15
One source. One grain. One well. One distillery. One small Swedish town. Gives one original vodka #Absolutoriginality,2013-09-20,2013-09-15
Introducing a classic in a new vibrant and colourful exterior! #Absolut #Mango,2013-09-20,2013-09-15
"Very soon we'll present a new limited collection. The most original one to date, we dare to say. #Absolutoriginality",2013-09-22,2013-09-22
For our new limited collection we’ve played around with the colour blue. Do you like blue glass? #Absolutoriginality,2013-09-24,2013-09-22
RT @Cynthia_Rowley: Cheers to the weekend!,2013-09-27,2013-09-22
Rafael Grampá is a Brazilian graphic novel artist and a partner in our way forward! It's time to #TransformToday,2013-09-27,2013-09-22
A new Absolut limited collection is born! #Absolutoriginality #Absolut,2013-09-27,2013-09-22
Check out the digital media artist Aaron Koblin and his amazing story! #TransformToday #Absolut,2013-09-28,2013-09-22
Stay tuned for more. And more. And more.,2013-09-29,2013-09-29
We had an ambition- to capture the soul of Absolut. Tomorrow you'll see what we’ve come up with. #Absolutoriginality,2013-09-30,2013-09-29
ABSOLUT MY JAM:,2013-10-01,2013-09-29
ABSOLUT MESSAGE IN A BOTTLE:,2013-10-01,2013-09-29
Absolut Originality with Kitty Joseph and Njena Reddd Foxxx:,2013-10-01,2013-09-29
Please welcome our very latest work of art; Absolut Originality! #Absolutoriginality,2013-10-01,2013-09-29
ABSOLUT PISTACHIO MOUSTACHIO:,2013-10-01,2013-09-29
4 million original bottles have been created. Add one of these to your #Absolut collection! #Absolutoriginality,2013-10-02,2013-09-29
The blue cobalt infusion becomes visible first when the glass in the bottle cools off. #Absolutoriginality,2013-10-03,2013-09-29
Created for Absolut Originality - ABSOLUT MY JAM - better than how your grandma used to make it? #Absolutoriginality,2013-10-05,2013-09-29
All the 4 million Absolut Originality bottles have been carefully inspected to ensure perfection #Absolutoriginality,2013-10-08,2013-10-06
This cocktail we've created as a tribute to our favourite colour; blue. ABSOLUT COBALT CLOUD #Absolutoriginality,2013-10-10,2013-10-06
Say it with an...ABSOLUT MESSAGE IN A BOTTLE:,2013-10-12,2013-10-06
Originality lined up. A whole 4 million of them.,2013-10-15,2013-10-13
"""Real life. It's a funny term"" @aaronkoblin #tranformtoday #absolut",2013-10-16,2013-10-13
So simple. And yet so impressive. THE ABSOLUT FLUFFY DOT: #Absolutoriginality #drinks,2013-10-17,2013-10-13
"""Sometimes you just want to make something because it should exist"" @aaronkoblin #transformtoday #absolut",2013-10-18,2013-10-13
All our Gourmet Junk cocktails are up on Drinkspiration!,2013-10-19,2013-10-13
"""I like to sculpt the void around the body"" @yiqingyin #transformtoday #Absolut",2013-10-19,2013-10-13
ABSOLUT Tune - All Night :15:,2013-10-21,2013-10-20
RT @iconapop: London #icons. Were celebratng our single coming out. Where shld we go tonight? Use #allnight and show us where 2 go!,2013-10-22,2013-10-20
Create original and individualized  cups at your cocktail party and  serve up some ABSOLUT PISTACHIO MOUSTACHIO:,2013-10-22,2013-10-20
"National Nut Day is here, and anything nutty goes, cocktail-wise! #Absolut #drinks",2013-10-22,2013-10-20
Who has spotted our new Absolut Originality yet?! #Absolutoriginality #Absolut,2013-10-24,2013-10-20
"""Fabric dictates the design process. I'm just the translator"" @yiqingyin #Transformtoday #Absolut",2013-10-25,2013-10-20
This drink is perfect for all the Halloween parties coming up!   ABSOLUT BLUE VELVET: #Absolutoriginality #halloween,2013-10-26,2013-10-20
Hit us with your best Halloween cocktail recipe! #Absolut #Halloween,2013-10-26,2013-10-20
